name,author,publisher,price,id,rating
Мартин Иден,Лондон Джек,АСТ,248 руб.,463784,9.68(Оценок: 188)
Повесть о Ходже Насреддине,Соловьев Леонид Васильевич,Т8,2402 руб.,931324,0.00(Оценок: 0)
Эроусмит,Синклер Льюис,Т8,2284 руб.,931325,0.00(Оценок: 0)
Белеет парус одинокий,Катаев Валентин Петрович,Азбука,922 руб.,915966,10.00(Оценок: 5)
Любовник леди Чаттерли,Лоуренс Дэвид Герберт,Азбука,222 руб.,35927,7.86(Оценок: 14)
Собор Парижской Богоматери,Гюго Виктор,Азбука,231 руб.,36435,9.40(Оценок: 15)
Опасные связи: Роман,Лакло Шодерло де,Азбука,222 руб.,35920,9.83(Оценок: 35)
Поднятая целина,Шолохов Михаил Александрович,Азбука,323 руб.,491516,8.62(Оценок: 8)
Семейный круг,Моруа Андре,Азбука,551 руб.,917033,10.00(Оценок: 2)
Странная история доктора Джекила и мистера Хайда,Стивенсон Роберт Льюис,Азбука,232 руб.,121022,9.34(Оценок: 56)
"Моби Дик, или Белый Кит",Мелвилл Герман,Эксмо,261 руб.,915818,7.00(Оценок: 1)
Портрет Дориана Грея и другие сочинения в одном томе,Уайльд Оскар,Эксмо,777 руб.,900289,8.00(Оценок: 3)
Горе от ума,Грибоедов Александр Сергеевич,Эксмо-Пресс,252 руб.,926050,0.00(Оценок: 0)
Что делать?,Чернышевский Николай Гаврилович,Азбука,232 руб.,357535,7.67(Оценок: 12)
Дубровский. Пиковая дама. Египетские ночи,Пушкин Александр Сергеевич,Азбука,193 руб.,925889,10.00(Оценок: 1)
"Пожалуйста, избавьте от греха",Стаут Рекс,Иностранка,843 руб.,925726,10.00(Оценок: 2)
Прекрасные и проклятые. Истории века джаза,Фицджеральд Фрэнсис Скотт,Иностранка,1057 руб.,925724,10.00(Оценок: 4)
Всадник без головы,Майн Рид Томас,Азбука,215 руб.,382833,9.73(Оценок: 37)
Дон Кихот,Сервантес Мигель де Сааведра,Азбука,215 руб.,377568,8.96(Оценок: 25)
Белая гвардия. Дни Турбиных. Бег,Булгаков Михаил Афанасьевич,Эксмо,607 руб.,930961,0.00(Оценок: 0)
Титан,Драйзер Теодор,Эксмо-Пресс,413 руб.,930958,10.00(Оценок: 2)
арты. Нечисть. Безумие. Рассказы русских писателей,,Эксмо,540 руб.,930963,0.00(Оценок: 0)
Кентавр,Блэквуд Элджернон,Рипол-Классик,915 руб.,930466,0.00(Оценок: 0)
Остров Сокровищ,Стивенсон Роберт Льюис,Тион,216 руб.,930788,10.00(Оценок: 1)
Голем,Майринк Густав,Азбука,215 руб.,929581,0.00(Оценок: 0)
Мартин Иден,Лондон Джек,Тион,216 руб.,930787,0.00(Оценок: 0)
Лето Господне,Шмелев Иван Сергеевич,Азбука,215 руб.,929582,0.00(Оценок: 0)
Севастопольские рассказы,Толстой Лев Николаевич,АСТ,224 руб.,930659,10.00(Оценок: 1)
Этюд в багровых тонах. Знак четырех. Записки о Шерлоке Холмсе,Дойл Артур Конан,АСТ,577 руб.,930657,10.00(Оценок: 1)
"Иди, вещай с горы",Болдуин Джеймс,АСТ,308 руб.,930654,8.50(Оценок: 2)
Незнакомка из Уайлдфелл-Холла,Бронте Энн,АСТ,260 руб.,930655,9.50(Оценок: 2)
Доктор Живаго,Пастернак Борис Леонидович,Тион,216 руб.,930786,0.00(Оценок: 0)
Записки юного врача,Булгаков Михаил Афанасьевич,Т8,356 руб.,930564,0.00(Оценок: 0)
Тишина,Бальмонт Константин Дмитриевич,Т8,388 руб.,930562,0.00(Оценок: 0)
Собачье счастье,Куприн Александр Иванович,Т8,413 руб.,930556,0.00(Оценок: 0)
Мертвые души,Гоголь Николай Васильевич,Мартин,215 руб.,879589,0.00(Оценок: 0)
Роман маленькой женщины,Арцыбашев Михаил Петрович,Т8,496 руб.,930554,0.00(Оценок: 0)
Вечера на хуторе близ Диканьки. Миргород,Гоголь Николай Васильевич,Мартин,170 руб.,879587,0.00(Оценок: 0)
Очаровательные разочарования,Северянин Игорь,Т8,443 руб.,930551,0.00(Оценок: 0)
Бедная Лиза. Ася. Первая любовь. Олеся. Гранатовый браслет,Карамзин Николай Михайлович,Мартин,230 руб.,879588,10.00(Оценок: 2)
Зависть,Олеша Юрий Карлович,Мартин,156 руб.,879585,0.00(Оценок: 0)
Пигмалион,Шоу Бернард,Мартин,156 руб.,879584,10.00(Оценок: 2)
Любовник леди Чаттерли,Лоуренс Дэвид Герберт,АСТ,343 руб.,920411,10.00(Оценок: 1)
Тарас Бульба. Вий,Гоголь Николай Васильевич,Мартин,156 руб.,879586,0.00(Оценок: 0)
Консуэло,Санд Жорж,АСТ,388 руб.,920412,10.00(Оценок: 1)
Любовник леди Чаттерли,Лоуренс Дэвид Герберт,АСТ,248 руб.,920406,10.00(Оценок: 1)
Замок Отранто и другие истории,Уолпол Гораций,АСТ,513 руб.,920404,8.50(Оценок: 2)
Петербургские повести,Гоголь Николай Васильевич,Азбука,232 руб.,918360,0.00(Оценок: 0)
Смерть Артура,Мэлори Томас,АСТ,558 руб.,920402,10.00(Оценок: 1)
Любовник леди Чаттерли,Лоуренс Дэвид Герберт,АСТ,326 руб.,920401,10.00(Оценок: 1)
Золотой Храм,Мисима Юкио,Азбука,529 руб.,918351,0.00(Оценок: 0)
Сенсация,Во Ивлин,Азбука,606 руб.,918343,10.00(Оценок: 2)
Письма незнакомке,Моруа Андре,Азбука,529 руб.,917974,10.00(Оценок: 3)
Маленькие женщины,Олкотт Луиза Мэй,Азбука,384 руб.,917976,8.50(Оценок: 2)
Завтрак у Тиффани,Капоте Трумен,Азбука,529 руб.,917962,10.00(Оценок: 1)
Сигнал бедствия,Майн Рид Томас,Престиж БУК,2218 руб.,915271,0.00(Оценок: 0)
Ловец орлов,Шульц Джеймс Уиллард,Престиж БУК,2218 руб.,903854,10.00(Оценок: 2)
Ошибка Одинокого Бизона,Шульц Джеймс Уиллард,Престиж БУК,2218 руб.,915269,0.00(Оценок: 0)
Аллея кошмаров,Грешем Уильям Линдсей,Азбука,666 руб.,917957,10.00(Оценок: 1)
Ребекка,Дюморье Дафна,Азбука,575 руб.,917959,10.00(Оценок: 3)
Как закалялась сталь,Островский Николай Алексеевич,Азбука,232 руб.,484041,8.33(Оценок: 9)
Кому на Руси жить хорошо,Некрасов Николай Алексеевич,Азбука,196 руб.,509354,8.86(Оценок: 7)
Таис Афинская,Ефремов Иван Антонович,Азбука,242 руб.,394552,9.42(Оценок: 12)
Царь-рыба,Астафьев Виктор Петрович,Азбука,242 руб.,463921,9.60(Оценок: 10)
Герой нашего времени,Лермонтов Михаил Юрьевич,Азбука,196 руб.,35947,9.50(Оценок: 10)
Грозовой перевал,Бронте Эмили,Азбука,196 руб.,106304,9.02(Оценок: 137)
Молодая гвардия,Фадеев Александр Александрович,Азбука,274 руб.,920485,0.00(Оценок: 0)
Эликсиры сатаны,Гофман Эрнст Теодор Амадей,Азбука,222 руб.,256694,9.00(Оценок: 14)
Поезд из Венеции,Сименон Жорж,Азбука,242 руб.,920484,10.00(Оценок: 1)
"Прощай, Гульсары!",Айтматов Чингиз Торекулович,Азбука,231 руб.,920481,0.00(Оценок: 0)
Дачная трилогия. Дачная лихорадка. Дачные приключения,Гольдони Карло,Центр книги Рудомино,777 руб.,918273,10.00(Оценок: 1)
Живые и мертвые,Симонов Константин Михайлович,Азбука,1302 руб.,918357,10.00(Оценок: 3)
Кусочек жизни,Тэффи Надежда Александровна,Редакция Елены Шубиной,1083 руб.,913550,9.00(Оценок: 1)
Чарующий апрель,фон Арним Элизабет,АСТ,248 руб.,918202,8.20(Оценок: 5)
Старший трубач полка,Гарди Томас,АСТ,374 руб.,918195,10.00(Оценок: 4)
Малое собрание сочинений,Капоте Трумен,Азбука,549 руб.,917951,10.00(Оценок: 1)
Обломов,Гончаров Иван Александрович,Азбука,215 руб.,920839,0.00(Оценок: 0)
Корабль-призрак,Марриет Фредерик,Азбука,843 руб.,920838,10.00(Оценок: 1)
Госпожа Бовари. Воспитание чувств. Простая душа,Флобер Гюстав,Иностранка,767 руб.,920837,10.00(Оценок: 3)
Райские пастбища,Стейнбек Джон,АСТ,327 руб.,920737,10.00(Оценок: 2)
Маленькие мужчины становятся взрослыми,Олкотт Луиза Мэй,АСТ,246 руб.,920736,10.00(Оценок: 2)
Осень патриарха (новый перевод),Гарсиа Маркес Габриэль,АСТ,394 руб.,920735,10.00(Оценок: 3)
Лунная долина,Лондон Джек,Азбука,232 руб.,920687,10.00(Оценок: 2)
Город за рекой,Казак Герман,АСТ,715 руб.,920731,10.00(Оценок: 1)
Житейские воззрения кота Мурра,Гофман Эрнст Теодор Амадей,Азбука,231 руб.,920685,10.00(Оценок: 1)
О всех созданиях - больших и малых,Хэрриот Джеймс,Азбука,242 руб.,920688,10.00(Оценок: 1)
Признания Арсена Люпена,Леблан Морис,Азбука,231 руб.,920686,0.00(Оценок: 0)
Детство. В людях. Мои университеты,Горький Максим,Азбука,274 руб.,920684,0.00(Оценок: 0)
Дьявол и Дэниел Уэбстер,Бене Стивен Винсент,Азбука,232 руб.,920682,8.00(Оценок: 1)
Темный цветок,Голсуорси Джон,Азбука,232 руб.,920683,10.00(Оценок: 1)
"Здравствуй, грусть! Романы",Саган Франсуаза,Иностранка,767 руб.,920671,10.00(Оценок: 4)
Маленькие женщины,Олкотт Луиза Мэй,Эксмо-Пресс,252 руб.,908557,10.00(Оценок: 2)
Прокляты и убиты,Астафьев Виктор Петрович,Азбука,323 руб.,920681,10.00(Оценок: 1)
Мартин Иден. Маленькая хозяйка большого дома. Джон Ячменное Зерно,Лондон Джек,Иностранка,843 руб.,920670,10.00(Оценок: 5)
Первый учитель,Айтматов Чингиз Торекулович,Азбука,232 руб.,535244,9.71(Оценок: 7)
Дочь священника. Да здравствует фикус!,Оруэлл Джордж,Эксмо,437 руб.,901222,10.00(Оценок: 2)
Мы,Замятин Евгений Иванович,Т8,647 руб.,930546,0.00(Оценок: 0)
Любовь от бездеятельности,Кара Петр,Т8,305 руб.,930545,0.00(Оценок: 0)
Котик Летаев,Белый Андрей,Т8,516 руб.,930542,0.00(Оценок: 0)
Хребты Безумия,Лавкрафт Говард Филлипс,Иностранка,705 руб.,435135,9.44(Оценок: 61)
Записки одного молодого человека,Герцен Александр Иванович,Т8,336 руб.,930536,0.00(Оценок: 0)
Больная Россия,Мережковский Дмитрий Сергеевич,Т8,399 руб.,930529,0.00(Оценок: 0)
Взрослые сказки,Блок Александр Александрович,Т8,339 руб.,930530,0.00(Оценок: 0)
Блистающий мир,Грин Александр Степанович,Т8,550 руб.,930528,0.00(Оценок: 0)
Село Степанчиково и его обитатели,Достоевский Федор Михайлович,Т8,869 руб.,930522,0.00(Оценок: 0)
"Барыня, барышня",Панаев Иван,Т8,305 руб.,930527,0.00(Оценок: 0)
Морфий,Булгаков Михаил Афанасьевич,Т8,496 руб.,930517,0.00(Оценок: 0)
Алые паруса,Грин Александр Степанович,Т8,339 руб.,930526,0.00(Оценок: 0)
Женское нестроение,Амфитеатров Александр Валентинович,Т8,879 руб.,930509,0.00(Оценок: 0)
Болото,Куприн Александр Иванович,Т8,488 руб.,930501,0.00(Оценок: 0)
Капитан Дюк,Грин Александр Степанович,Т8,477 руб.,930472,0.00(Оценок: 0)
Двенадцать стульев,Ильф Илья Арнольдович,Т8,1083 руб.,930507,0.00(Оценок: 0)
Двенадцать месяцев,Вебер Карл Карлович,Т8,486 руб.,930505,0.00(Оценок: 0)
Ю-Ю,Куприн Александр Иванович,Т8,477 руб.,930497,0.00(Оценок: 0)
Кавказский пленник. Казаки. Хаджи-Мурат,Толстой Лев Николаевич,Азбука,215 руб.,931059,0.00(Оценок: 0)
В Шотландском замке,Крыжановская-Рочестер Вера Ивановна,Т8,521 руб.,930469,0.00(Оценок: 0)
Собрание сочинений. Том 1. Белая гвардия,Булгаков Михаил Афанасьевич,Престиж БУК,1663 руб.,923509,0.00(Оценок: 0)
Преступление и наказание,Достоевский Федор Михайлович,Яуза,381 руб.,931800,0.00(Оценок: 0)
Властелин Колец,Толкин Джон Рональд Руэл,АСТ,1602 руб.,931383,10.00(Оценок: 1)
Прекрасные и обреченные. По эту сторону рая,Фицджеральд Фрэнсис Скотт,АСТ,759 руб.,931382,10.00(Оценок: 1)
Село Степанчиково и его обитатели. Из записок неизвестного,Достоевский Федор Михайлович,Азбука,196 руб.,931223,0.00(Оценок: 0)
Собачье сердце,Булгаков Михаил Афанасьевич,Омега-Л,395 руб.,931276,0.00(Оценок: 0)
Снег в апреле,Пилчер Розамунда,Азбука,232 руб.,931222,0.00(Оценок: 0)
"Шхуна ""Колумб""",Трублаини Николай Петрович,Вече,311 руб.,931160,0.00(Оценок: 0)
Жизнь,Мопассан Ги де,Вече,543 руб.,931141,10.00(Оценок: 1)
Плутония. Золотоискатели в пустыне,Обручев Владимир Афанасьевич,Престиж БУК,2218 руб.,929201,10.00(Оценок: 1)
Пнин,Набоков Владимир Владимирович,Corpus,706 руб.,927037,9.00(Оценок: 3)
Неупиваемая чаша,Шмелев Иван Сергеевич,RUGRAM,650 руб.,852176,0.00(Оценок: 0)
Стоик,Драйзер Теодор,Азбука,232 руб.,931407,0.00(Оценок: 0)
Грозовой перевал,Бронте Эмили,RUGRAM,1165 руб.,850354,10.00(Оценок: 1)
В южных морях. Воспоминания и портреты,Стивенсон Роберт Льюис,Т8,2176 руб.,931361,10.00(Оценок: 1)
Мертвые души,Гоголь Николай Васильевич,Т8,1241 руб.,931362,0.00(Оценок: 0)
Тамарин,Авдеев Михаил Васильевич,RUGRAM,827 руб.,849458,0.00(Оценок: 0)
Изнанка жизни,Лухманова Надежда Александровна,Т8,533 руб.,931349,0.00(Оценок: 0)
Старушка,Тур Евгения,Т8,675 руб.,931357,0.00(Оценок: 0)
Крестьянские дети,Потехин Алексей Антипович,Т8,625 руб.,931327,0.00(Оценок: 0)
Двадцать тысяч лье под водой,Верн Жюль,Азбука,215 руб.,372644,9.00(Оценок: 23)
Детский гусляр,Баянов Николай,Т8,349 руб.,931347,0.00(Оценок: 0)
Пансионерка,Хвощинская Надежда,Т8,707 руб.,931330,0.00(Оценок: 0)
Свадьба и другие рассказы,Мясницкий Иван,Т8,603 руб.,931338,0.00(Оценок: 0)
Анна Каренина,Толстой Лев Николаевич,Азбука,231 руб.,372651,9.29(Оценок: 17)
"Петербургские повести. Повести, комедии",Гоголь Николай Васильевич,Азбука,215 руб.,372298,9.73(Оценок: 15)
Анна Каренина,Толстой Лев Николаевич,Азбука,215 руб.,366903,8.87(Оценок: 67)
Голубая книга,Зощенко Михаил Михайлович,Азбука,215 руб.,372299,9.17(Оценок: 12)
Дети капитана Гранта,Верн Жюль,Азбука,215 руб.,371184,9.18(Оценок: 22)
Евгений Онегин,Пушкин Александр Сергеевич,Азбука,215 руб.,366107,9.39(Оценок: 23)
Вечера на хуторе близ Диканьки,Гоголь Николай Васильевич,Азбука,215 руб.,369857,9.40(Оценок: 10)
Шагреневая кожа,Бальзак Оноре де,Азбука,196 руб.,365540,9.00(Оценок: 33)
Отцы и дети,Тургенев Иван Сергеевич,Азбука,215 руб.,365253,9.67(Оценок: 27)
Москва и москвичи,Гиляровский Владимир Алексеевич,Азбука,215 руб.,365252,9.69(Оценок: 13)
Мертвые души,Гоголь Николай Васильевич,Азбука,215 руб.,363272,9.39(Оценок: 23)
Великий Гэтсби,Фицджеральд Фрэнсис Скотт,Азбука,215 руб.,363274,8.86(Оценок: 76)
Портрет Дориана Грея,Уайльд Оскар,Азбука,215 руб.,363273,8.97(Оценок: 100)
Госпожа Бовари,Флобер Гюстав,Азбука,215 руб.,362497,9.04(Оценок: 23)
Капитанская дочка,Пушкин Александр Сергеевич,Азбука,215 руб.,361614,8.17(Оценок: 12)
Идиот,Достоевский Федор Михайлович,Азбука,215 руб.,362496,9.32(Оценок: 62)
Дама с собачкой,Чехов Антон Павлович,Азбука,215 руб.,361615,9.50(Оценок: 10)
Мастер и Маргарита,Булгаков Михаил Афанасьевич,Азбука,215 руб.,361610,9.41(Оценок: 122)
Завтрак у Тиффани,Капоте Трумен,Азбука,232 руб.,282055,8.32(Оценок: 88)
Собор Парижской Богоматери,Гюго Виктор,Азбука,215 руб.,361611,9.43(Оценок: 46)
Граф Монте-Кристо в 2-х томах,Дюма Александр,Азбука,483 руб.,255129,9.52(Оценок: 31)
Малое собрание сочинений,Гоголь Николай Васильевич,Азбука,549 руб.,257490,9.54(Оценок: 28)
Белые ночи,Достоевский Федор Михайлович,Азбука,196 руб.,214887,9.93(Оценок: 15)
Яма,Куприн Александр Иванович,Азбука,196 руб.,359565,9.65(Оценок: 23)
Братья Карамазовы,Достоевский Федор Михайлович,Азбука,231 руб.,205361,9.79(Оценок: 24)
Преступление и наказание,Достоевский Федор Михайлович,Азбука,222 руб.,155640,8.92(Оценок: 24)
Малое собрание сочинений,Лавкрафт Говард Филлипс,Азбука,607 руб.,251347,9.45(Оценок: 56)
Униженные и оскорбленные,Достоевский Федор Михайлович,Азбука,193 руб.,158167,9.69(Оценок: 29)
Чувство и чувствительность,Остен Джейн,Азбука,193 руб.,147123,9.00(Оценок: 27)
Доводы рассудка,Остен Джейн,Азбука,193 руб.,155035,8.97(Оценок: 39)
Раковый корпус,Солженицын Александр Исаевич,Азбука,234 руб.,153953,8.83(Оценок: 29)
Тарас Бульба,Гоголь Николай Васильевич,Азбука,193 руб.,143464,9.57(Оценок: 7)
Мертвые души,Гоголь Николай Васильевич,Азбука,193 руб.,141760,8.60(Оценок: 15)
Белая гвардия,Булгаков Михаил Афанасьевич,Азбука,196 руб.,120304,9.46(Оценок: 13)
Первая любовь: Повести,Тургенев Иван Сергеевич,Азбука,222 руб.,111632,9.71(Оценок: 14)
На дне. Пьесы,Горький Максим,Азбука,196 руб.,109230,9.38(Оценок: 13)
Джейн Эйр,Бронте Шарлотта,Азбука,232 руб.,109229,9.33(Оценок: 27)
Повести Белкина. Избранная проза,Пушкин Александр Сергеевич,Азбука,196 руб.,78741,9.90(Оценок: 10)
Отец Горио,Бальзак Оноре де,Азбука,193 руб.,78739,9.40(Оценок: 10)
Эмма,Остен Джейн,Азбука,231 руб.,48946,8.94(Оценок: 36)
Процесс,Кафка Франц,Азбука,196 руб.,39778,8.58(Оценок: 36)
Доктор Живаго,Пастернак Борис Леонидович,Азбука,232 руб.,45437,7.64(Оценок: 11)
Один день Ивана Денисовича. Рассказы 60-х годов,Солженицын Александр Исаевич,Азбука,193 руб.,12312,8.94(Оценок: 16)
Мастер и Маргарита,Булгаков Михаил Афанасьевич,Азбука,196 руб.,36423,9.08(Оценок: 65)
Гений и богиня,Хаксли Олдос,АСТ,269 руб.,917358,9.00(Оценок: 2)
Загадка Старого Леса,Буццати Дино,АСТ,248 руб.,917353,7.50(Оценок: 4)
Корабль дураков,Портер Кэтрин Энн,АСТ,399 руб.,917355,10.00(Оценок: 2)
Вишневый сад. Повести,Чехов Антон Павлович,Эксмо,183 руб.,915834,0.00(Оценок: 0)
Тихий Дон. Том I,Шолохов Михаил Александрович,Эксмо,288 руб.,915833,0.00(Оценок: 0)
Тихий Дон. Том II,Шолохов Михаил Александрович,Эксмо,288 руб.,915835,0.00(Оценок: 0)
Жизнь. Монт-Ориоль,Мопассан Ги де,Эксмо,261 руб.,915832,0.00(Оценок: 0)
Процесс,Кафка Франц,Эксмо,183 руб.,915829,0.00(Оценок: 0)
Чувство и чувствительность,Остен Джейн,Эксмо,261 руб.,915830,10.00(Оценок: 1)
Капитанская дочка,Пушкин Александр Сергеевич,Эксмо,183 руб.,915823,0.00(Оценок: 0)
Призрак Оперы,Леру Гастон,Like Book,607 руб.,926324,10.00(Оценок: 1)
Гранатовый браслет,Куприн Александр Иванович,Эксмо,183 руб.,915820,0.00(Оценок: 0)
"Опасные связи, или Письма, собранные в одном частном кружке лиц и опубликованные в назидание",Лакло Шодерло де,Азбука,215 руб.,925171,0.00(Оценок: 0)
Вечера на хуторе близ Диканьки,Гоголь Николай Васильевич,Тион,216 руб.,926368,0.00(Оценок: 0)
Униженные и оскорбленные,Достоевский Федор Михайлович,Эксмо,692 руб.,926353,0.00(Оценок: 0)
Чингисхан,Ян Василий Григорьевич,Эксмо,270 руб.,926354,10.00(Оценок: 1)
По следу,Иванов Валентин,Вече,543 руб.,926201,0.00(Оценок: 0)
Анна Каренина,Толстой Лев Николаевич,Тион,216 руб.,926366,0.00(Оценок: 0)
Молниеносный Баязет,Бородин Сергей Петрович,Вече,466 руб.,926200,0.00(Оценок: 0)
Вечера на хуторе близ Диканьки. Миргород. Петербургские повести,Гоголь Николай Васильевич,Азбука,705 руб.,926180,10.00(Оценок: 4)
"История Тома Джонса, найденыша. Том 2",Филдинг Генри,Вече,1087 руб.,926192,10.00(Оценок: 1)
Дублинцы,Джойс Джеймс,Азбука,196 руб.,518827,9.36(Оценок: 11)
"История Тома Джонса, найденыша. Том 1",Филдинг Генри,Вече,1087 руб.,926191,10.00(Оценок: 2)
Герой нашего времени,Лермонтов Михаил Юрьевич,Эксмо-Пресс,252 руб.,912614,0.00(Оценок: 0)
Вдали от обезумевшей толпы,Гарди Томас,Эксмо-Пресс,230 руб.,921033,10.00(Оценок: 2)
Вокруг света за 80 дней,Верн Жюль,Эксмодетство,583 руб.,559135,9.91(Оценок: 32)
Вечер у Клэр. Ночные дороги,Газданов Гайто Иванович,АСТ,234 руб.,926740,9.50(Оценок: 2)
Роман о Тристане и Изольде,Бедье Жозеф,fanzon,1499 руб.,917437,9.89(Оценок: 9)
Маленький принц и Цитадель,Сент-Экзюпери Антуан де,Эксмо,1013 руб.,927068,0.00(Оценок: 0)
Бесы,Достоевский Федор Михайлович,Эксмо-Пресс,270 руб.,348093,8.62(Оценок: 8)
Ангелы опустошения,Керуак Джек,АСТ,336 руб.,926739,10.00(Оценок: 1)
Портрет Дориана Грея,Уайльд Оскар,Азбука,196 руб.,42519,9.55(Оценок: 77)
Драма на охоте. Истинное происшествие,Чехов Антон Павлович,Художественная литература,509 руб.,927077,0.00(Оценок: 0)
Преступная добродетель,Маркиз де Сад,Азбука,274 руб.,914575,10.00(Оценок: 1)
Зов Ктулху,Лавкрафт Говард Филлипс,Эксмо-Пресс,252 руб.,908558,10.00(Оценок: 2)
Доживем до понедельника,Полонский Георгий Исидорович,Азбука,242 руб.,927175,8.00(Оценок: 1)
Москва-Петушки,Ерофеев Венедикт Васильевич,Азбука,232 руб.,323835,7.70(Оценок: 66)
Тяжелые времена,Диккенс Чарльз,АСТ,260 руб.,927296,0.00(Оценок: 0)
Мартин Иден. Маленькая хозяйка Большого дома,Лондон Джек,Эксмо,1590 руб.,918564,10.00(Оценок: 2)
Гений,Драйзер Теодор,АСТ,533 руб.,927295,0.00(Оценок: 0)
Вечера на хуторе близ Диканьки,Гоголь Николай Васильевич,АСТ,208 руб.,927462,10.00(Оценок: 1)
Циники. Бритый человек,Мариенгоф Анатолий Борисович,Азбука,222 руб.,927456,8.00(Оценок: 1)
Великий Гэтсби,Фицджеральд Фрэнсис Скотт,АСТ,1135 руб.,927418,10.00(Оценок: 1)
Братья Карамазовы,Достоевский Федор Михайлович,Эксмо,1590 руб.,912617,10.00(Оценок: 2)
Сигнал капитуляции. Ангел-хранитель,Саган Франсуаза,Иностранка,767 руб.,929639,10.00(Оценок: 1)
Лебединая песнь. Побежденные,Головкина (Римская-Корсакова) Ирина,Омега-Л,1336 руб.,927422,10.00(Оценок: 3)
Парижские тайны,Сю Эжен,АСТ,1135 руб.,929714,0.00(Оценок: 0)
Волшебные чары луны,Рампо Эдогава,Азбука,232 руб.,929208,9.50(Оценок: 2)
Золотые яблоки Солнца,Брэдбери Рэй,Эксмо-Пресс,456 руб.,921034,10.00(Оценок: 2)
Светящееся пятно,Вентворт Патриция,АСТ,234 руб.,929715,0.00(Оценок: 0)
Эпоха невинности. Итан Фром,Уортон Эдит,Эксмо,540 руб.,918563,10.00(Оценок: 2)
Мегрэ в меблированных комнатах,Сименон Жорж,Феникс,507 руб.,918418,10.00(Оценок: 3)
Прокляты и убиты,Астафьев Виктор Петрович,Вече,621 руб.,929594,0.00(Оценок: 0)
Повесть о Ходже Насреддине,Соловьев Леонид Васильевич,Вече,621 руб.,929588,0.00(Оценок: 0)
Мегрэ и привидение,Сименон Жорж,Феникс,507 руб.,918417,10.00(Оценок: 2)
Рассказы о привидениях,Джеймс Монтегю Родс,Азбука,232 руб.,930061,8.00(Оценок: 1)
Пена дней,Виан Борис,Иностранка,564 руб.,930103,10.00(Оценок: 1)
Друг детства Мегрэ,Сименон Жорж,Феникс,507 руб.,918416,9.67(Оценок: 3)
Мегрэ в школе,Сименон Жорж,Феникс,507 руб.,918415,10.00(Оценок: 3)
Полное собрание романов и повестей в одном томе,Булгаков Михаил Афанасьевич,Эксмо,1219 руб.,925076,0.00(Оценок: 0)
Гордость и предубеждение. Доводы рассудка,Остен Джейн,Эксмо,1590 руб.,930954,10.00(Оценок: 1)
Полное собрание повестей и рассказов о Шерлоке Холмсе в одном томе,Дойл Артур Конан,Эксмо,1165 руб.,921028,8.40(Оценок: 5)
Белая свитка,Краснов Петр Николаевич,Вече,543 руб.,920934,0.00(Оценок: 0)
Виктор Вавич,Житков Борис Степанович,Вече,777 руб.,920932,10.00(Оценок: 3)
Маленькие мужчины становятся взрослыми,Олкотт Луиза Мэй,Эксмо,392 руб.,930956,10.00(Оценок: 2)
Они сражались за Родину,Шолохов Михаил Александрович,Вече,505 руб.,920927,10.00(Оценок: 1)
"Россия, кровью умытая",Веселый Артем,Вече,621 руб.,920921,10.00(Оценок: 2)
Король гор,Абу Эдмон,Вече,428 руб.,920930,10.00(Оценок: 5)
Час Быка,Ефремов Иван Антонович,АСТ,374 руб.,920901,10.00(Оценок: 1)
Час Быка,Ефремов Иван Антонович,АСТ,299 руб.,920900,10.00(Оценок: 2)
Записки княгини Екатерины Дашковой,Дашкова Екатерина Романовна,Эксмо,288 руб.,915512,10.00(Оценок: 1)
Любовник леди Чаттерли,Лоуренс Дэвид Герберт,Эксмо-Пресс,243 руб.,915510,10.00(Оценок: 2)
Доктор Живаго с иллюстрациями Леонида Пастернака,Пастернак Борис Леонидович,АСТ,1505 руб.,921156,10.00(Оценок: 1)
Мы,Замятин Евгений Иванович,Эксмо-Пресс,392 руб.,901219,10.00(Оценок: 1)
Сёгун. Комплект из 2-х книг,Клавелл Джеймс,Азбука,573 руб.,921186,0.00(Оценок: 0)
Похитители бриллиантов,Буссенар Луи Анри,Азбука,965 руб.,921182,0.00(Оценок: 0)
Моя кузина Рейчел,Дюморье Дафна,Азбука,641 руб.,921183,10.00(Оценок: 2)
Исповедь маски,Мисима Юкио,Азбука,231 руб.,921187,10.00(Оценок: 2)
Похождения бравого солдата Швейка,Гашек Ярослав,Азбука,274 руб.,390933,9.75(Оценок: 12)
Рождественская песнь в прозе,Диккенс Чарльз,Вита-Нова,3387 руб.,921257,10.00(Оценок: 2)
Один час в кафе. Рассказы,Аверченко Аркадий Тимофеевич,Нигма,1453 руб.,921199,10.00(Оценок: 1)
Завтра была война. Обелиск,Васильев Борис Львович,Мартин,215 руб.,921390,0.00(Оценок: 0)
Убийства на улице Морг. Новеллы,По Эдгар Аллан,Азбука,178 руб.,155036,9.75(Оценок: 20)
История одного города,Салтыков-Щедрин Михаил Евграфович,Мартин,177 руб.,921388,0.00(Оценок: 0)
Синяя птица. Маленький принц,Метерлинк Морис,Мартин,215 руб.,921389,10.00(Оценок: 1)
Чингисхан,Ян Василий Григорьевич,Т8,1227 руб.,921316,10.00(Оценок: 1)
Голем,Майринк Густав,Мартин,193 руб.,921387,10.00(Оценок: 2)
А зори здесь тихие. Дожить до рассвета,Васильев Борис Львович,Мартин,215 руб.,921386,0.00(Оценок: 0)
В царстве тьмы. Оккультная трилогия,Крыжановская-Рочестер Вера Ивановна,Феникс,1056 руб.,907931,10.00(Оценок: 5)
Синий тарантул,Ланин Георгий Георгиевич,Вече,543 руб.,921484,10.00(Оценок: 2)
Братья и сестры. В 4-х книгах. Книга 1. Братья и сестры. Книга 2. Две зимы и три лета,Абрамов Федор Александрович,Вече,777 руб.,921481,10.00(Оценок: 1)
Последний срок. Живи и помни,Распутин Валентин Григорьевич,Мартин,270 руб.,918469,0.00(Оценок: 0)
Братья и сестры. В 4-х книгах. Книга 3. Пути-перепутья. Книга 4. Дом,Абрамов Федор Александрович,Вече,777 руб.,921482,10.00(Оценок: 1)
Бабушкины сказки,Санд Жорж,Вече,777 руб.,921477,9.86(Оценок: 7)
Веселая жизнь,Зощенко Михаил Михайлович,Азбука,215 руб.,921408,10.00(Оценок: 2)
Бесы,Достоевский Федор Михайлович,Азбука,215 руб.,402213,9.18(Оценок: 38)
Несовершенные,Паолис Федерика Де,Синдбад,655 руб.,921325,10.00(Оценок: 2)
Графиня де Монсоро,Дюма Александр,Иностранка,965 руб.,921571,10.00(Оценок: 5)
Вода живая,Лиспектор Кларисе,No Kidding Press,410 руб.,921452,0.00(Оценок: 0)
Приключения Шерлока Холмса,Дойл Артур Конан,Махаон,665 руб.,921406,10.00(Оценок: 2)
Страсти человеческие. Лошади,Толстой Лев Николаевич,Человек,2482 руб.,921049,0.00(Оценок: 0)
Страсти человеческие. Охота,Толстой Лев Николаевич,Человек,2482 руб.,921050,10.00(Оценок: 1)
Странствия Персилеса и Сихизмунды,Сервантес Мигель де Сааведра,Ладомир,3080 руб.,921581,10.00(Оценок: 2)
Дочь Монтесумы,Хаггард Генри Райдер,Вече,543 руб.,510518,9.68(Оценок: 19)
Джейн Эйр,Бронте Шарлотта,Эксмо-Пресс,320 руб.,907377,10.00(Оценок: 2)
Избранное,Пушкин Александр Сергеевич,Проспект,320 руб.,921460,0.00(Оценок: 0)
Остров обреченных,Дагерман Стиг,ИД Ивана Лимбаха,483 руб.,921203,0.00(Оценок: 0)
"Сказка сказок, или Забава для малых ребят",Базиле Джамбаттиста,ИД Ивана Лимбаха,1386 руб.,921201,9.25(Оценок: 8)
Белая гвардия,Булгаков Михаил Афанасьевич,Тион,216 руб.,921597,10.00(Оценок: 1)
Бесы,Достоевский Федор Михайлович,Тион,216 руб.,921598,0.00(Оценок: 0)
Короли и капуста,О. Генри,АСТ,258 руб.,921925,7.50(Оценок: 2)
Монт-Ориоль,Мопассан Ги де,АСТ,258 руб.,921924,10.00(Оценок: 1)
Час Быка,Ефремов Иван Антонович,Престиж БУК,2772 руб.,915272,10.00(Оценок: 2)
Записки врача общей практики,Дойл Артур Конан,АСТ,258 руб.,921922,10.00(Оценок: 1)
Убийства в поместье Лонгер,Митчелл Глэдис,АСТ,258 руб.,921915,0.00(Оценок: 0)
Домой возврата нет,Вулф Томас,АСТ,577 руб.,921914,10.00(Оценок: 3)
Летняя гроза. Задохнуться можно. Дядя Фред посещает свои угодья. Дядя Фред весенней порой,Вудхаус Пелам Гренвилл,АСТ,715 руб.,921912,10.00(Оценок: 7)
Мертвые души,Гоголь Николай Васильевич,Эксмо-Пресс,252 руб.,915517,0.00(Оценок: 0)
Кавказский пленник. Хаджи-Мурат. Повести и рассказы,Толстой Лев Николаевич,Эксмо,753 руб.,908556,0.00(Оценок: 0)
Мистер Паркер Пайн,Кристи Агата,Эксмо-Пресс,243 руб.,805198,9.67(Оценок: 3)
Угрюм-река. Книга 2,Шишков Вячеслав Яковлевич,Эксмо,172 руб.,786435,0.00(Оценок: 0)
Туманность Андромеды,Ефремов Иван Антонович,Т8,1321 руб.,923269,10.00(Оценок: 1)
Село Степанчиково и его обитатели,Достоевский Федор Михайлович,Рипол-Классик,723 руб.,923192,10.00(Оценок: 2)
Земля Санникова,Обручев Владимир Афанасьевич,Т8,1069 руб.,923174,0.00(Оценок: 0)
Бедная Лиза,Карамзин Николай Михайлович,АСТ,467 руб.,923360,10.00(Оценок: 1)
Тайна Элизабет Каннинг,Мейчен Артур,Рипол-Классик,819 руб.,923191,0.00(Оценок: 0)
Золотой жук,По Эдгар Аллан,Т8,742 руб.,923170,0.00(Оценок: 0)
"Обыкновенное чудо. Пьесы, сказки",Шварц Евгений Львович,Эксмо,692 руб.,908555,0.00(Оценок: 0)
Борьба за огонь,Рони-Старший Жозеф Анри,Вече,569 руб.,923212,10.00(Оценок: 1)
Замок ведьм. Повести и рассказы,Беляев Александр Романович,Вече,569 руб.,923213,10.00(Оценок: 2)
Алая буква,Готорн Натаниель,Эксмо,564 руб.,900290,9.40(Оценок: 5)
Игрок,Достоевский Федор Михайлович,Азбука,178 руб.,177388,9.75(Оценок: 12)
Изощренное убийство,Джеймс Филлис Дороти,АСТ,248 руб.,924508,0.00(Оценок: 0)
Алая буква,Готорн Натаниель,Эксмо-Пресс,350 руб.,901210,10.00(Оценок: 2)
Юмористические рассказы,Аверченко Аркадий Тимофеевич,АСТ,234 руб.,924504,9.67(Оценок: 3)
Зависть. Три Толстяка,Олеша Юрий Карлович,АСТ,353 руб.,924500,0.00(Оценок: 0)
Загадочная история Бенджамина Баттона,Фицджеральд Фрэнсис Скотт,Эксмо-Пресс,252 руб.,915516,10.00(Оценок: 1)
Кибериада,Лем Станислав,АСТ,353 руб.,924502,8.00(Оценок: 1)
Анна Каренина,Толстой Лев Николаевич,Like Book,710 руб.,915507,10.00(Оценок: 1)
Первая любовь,Тургенев Иван Сергеевич,АСТ,224 руб.,924507,10.00(Оценок: 1)
Таинственный мистер Кин,Кристи Агата,Эксмо-Пресс,243 руб.,659079,9.00(Оценок: 5)
Мифы Ктулху,Лавкрафт Говард Филлипс,Эксмо-Пресс,196 руб.,921032,10.00(Оценок: 2)
Хождение по мукам,Толстой Алексей Николаевич,Эксмо,667 руб.,629942,5.78(Оценок: 9)
Замок,Кафка Франц,Азбука,196 руб.,35682,7.73(Оценок: 22)
Крестоносцы,Сенкевич Генрик,Эксмо,583 руб.,925026,0.00(Оценок: 0)
"Вилла ""Белый конь""",Кристи Агата,Эксмо-Пресс,243 руб.,658838,9.75(Оценок: 4)
Нос,Гоголь Николай Васильевич,Эксмо-Пресс,413 руб.,925064,0.00(Оценок: 0)
Нортенгерское аббатство,Остен Джейн,Эксмо,392 руб.,918565,10.00(Оценок: 4)
Почтамт,Буковски Чарльз,Эксмо-Пресс,288 руб.,924709,0.00(Оценок: 0)
Успеть до полуночи. Три свидетеля,Стаут Рекс,Азбука,253 руб.,925105,0.00(Оценок: 0)
Перед грозою,Тютчев Федор Федорович,Вече,311 руб.,924730,0.00(Оценок: 0)
1984,Оруэлл Джордж,Тион,216 руб.,924272,10.00(Оценок: 1)
"Трое в лодке, не считая собаки",Джером Джером Клапка,Азбука,196 руб.,339727,8.72(Оценок: 25)
Тайны Нельской башни. Том 1. Маргарита Бургундская,Зевако Мишель,Вече,384 руб.,697806,9.78(Оценок: 18)
Машина бытия,Герберт Фрэнк,АСТ,369 руб.,925589,9.50(Оценок: 2)
Приключения Оги Марча,Беллоу Сол,АСТ,394 руб.,925587,10.00(Оценок: 1)
Перри Мейсон. Дело о рисковой вдове. Дело о сумочке вымогательницы,Гарднер Эрл Стенли,АСТ,558 руб.,925586,10.00(Оценок: 1)
Что-нибудь эдакое,Вудхаус Пелам Гренвилл,АСТ,248 руб.,925588,9.50(Оценок: 4)
Король в желтом,Чамберс Роберт,АСТ,442 руб.,925573,10.00(Оценок: 1)
"Тонкие письма: Рассказы, воспоминания",Тэффи Надежда Александровна,Азбука,196 руб.,365543,8.87(Оценок: 15)
Вычеркнутый из жизни. Северный свет,Кронин Арчибалд Джозеф,Иностранка,767 руб.,925481,10.00(Оценок: 4)
Финансист,Драйзер Теодор,"Манн, Иванов и Фербер",1034 руб.,903730,9.88(Оценок: 8)
Золотая чаша,Джеймс Генри,Центрполиграф,1353 руб.,925223,0.00(Оценок: 0)
Портрет леди,Джеймс Генри,Центрполиграф,1353 руб.,925227,0.00(Оценок: 0)
Шкура Белого Бизона,Шульц Джеймс Уиллард,Престиж БУК,2218 руб.,923507,10.00(Оценок: 1)
Последняя остановка. От полудня до полуночи,Ремарк Эрих Мария,АСТ,785 руб.,925567,10.00(Оценок: 1)
"Сад, пепел",Киш Данило,Центр книги Рудомино,527 руб.,923000,0.00(Оценок: 0)
Хребты безумия,Лавкрафт Говард Филлипс,Рипол-Классик,819 руб.,918246,10.00(Оценок: 2)
Блокадник,Сафронов Владимир Петрович,Эксмо,650 руб.,918546,7.50(Оценок: 2)
Петербургские повести,Гоголь Николай Васильевич,АСТ,278 руб.,926144,0.00(Оценок: 0)
Да здравствует фикус!,Оруэлл Джордж,АСТ,513 руб.,926152,10.00(Оценок: 1)
Васюткино озеро,Астафьев Виктор Петрович,АСТ,353 руб.,926143,0.00(Оценок: 0)
Анна Каренина,Толстой Лев Николаевич,АСТ,740 руб.,926153,10.00(Оценок: 1)
Петербургские повести,Гоголь Николай Васильевич,АСТ,224 руб.,926141,0.00(Оценок: 0)
Васюткино озеро,Астафьев Виктор Петрович,АСТ,260 руб.,926140,0.00(Оценок: 0)
Золотой теленок,Ильф Илья Арнольдович,Азбука,2022 руб.,917085,10.00(Оценок: 3)
Янки из Коннектикута при дворе короля Артура. Принц и нищий,Твен Марк,АСТ,394 руб.,926135,0.00(Оценок: 0)
Собор Парижской Богоматери,Гюго Виктор,Азбука,1180 руб.,917082,10.00(Оценок: 3)
Робинзон Крузо,Дефо Даниель,Азбука,1433 руб.,917083,10.00(Оценок: 6)
Отверженные. Комплект из 2-х книг,Гюго Виктор,Азбука,2605 руб.,917081,10.00(Оценок: 5)
"Новый граф Монте-Кристо, или Матиас Шандор",Верн Жюль,Азбука,1348 руб.,917079,10.00(Оценок: 4)
Пятнадцатилетний капитан. Пять недель на воздушном шаре,Верн Жюль,Азбука,1433 руб.,917080,10.00(Оценок: 6)
Похитители бриллиантов,Буссенар Луи Анри,Азбука,1348 руб.,917078,9.40(Оценок: 5)
Мастер и Маргарита,Булгаков Михаил Афанасьевич,Азбука,2228 руб.,917076,10.00(Оценок: 1)
Автобиография Алисы Б. Токлас,Стайн Гертруда,Пальмира,688 руб.,918493,0.00(Оценок: 0)
Ледяной ад. Капитан Сорви-голова,Буссенар Луи Анри,Азбука,1348 руб.,917077,9.25(Оценок: 4)
Женщина в белом,Коллинз Уильям Уилки,Иностранка,705 руб.,918338,8.80(Оценок: 5)
Илиада. Одиссея,Гомер,Иностранка,875 руб.,918337,10.00(Оценок: 1)
Солнце Мертвых,Шмелев Иван Сергеевич,Пальмира,413 руб.,918512,0.00(Оценок: 0)
Повесть о Сонечке,Цветаева Марина Ивановна,Пальмира,559 руб.,918501,10.00(Оценок: 1)
В дебрях Уссурийского края,Арсеньев Владимир Клавдиевич,Художественная литература,679 руб.,918226,0.00(Оценок: 0)
Лейтенант Хорнблауэр. Рука судьбы,Форестер Сесил Скотт,Азбука,1057 руб.,918040,10.00(Оценок: 2)
Рейс на эшафот,Валё Пер,Азбука,232 руб.,917654,0.00(Оценок: 0)
Глубокие воды,Хайсмит Патриция,Азбука,667 руб.,917822,10.00(Оценок: 1)
Запертая комната,Валё Пер,Азбука,232 руб.,917624,0.00(Оценок: 0)
Капитан Хорнблауэр. Под стягом победным,Форестер Сесил Скотт,Азбука,843 руб.,918039,10.00(Оценок: 2)
Негодяй из Сефлё,Валё Пер,Азбука,232 руб.,917625,0.00(Оценок: 0)
Адмирал Хорнблауэр. Последняя встреча,Форестер Сесил Скотт,Азбука,1057 руб.,918038,10.00(Оценок: 2)
Маленькие женщины,Олкотт Луиза Мэй,Азбука,196 руб.,917615,10.00(Оценок: 1)
Палата №6,Чехов Антон Павлович,Мартин,170 руб.,918484,0.00(Оценок: 0)
Апокалипсис нашего времени. Окаянные дни,Розанов Василий Васильевич,Мартин,170 руб.,918486,10.00(Оценок: 1)
"Полиция, полиция, картофельное пюре!",Валё Пер,Азбука,232 руб.,917499,0.00(Оценок: 0)
Убийца полицейских,Шеваль Май,Азбука,232 руб.,917600,0.00(Оценок: 0)
Смерть чиновника,Чехов Антон Павлович,Азбука,193 руб.,145357,9.33(Оценок: 3)
Остров сокровищ,Стивенсон Роберт Льюис,Мартин,166 руб.,918482,10.00(Оценок: 1)
Роковые яйца. Записки юного врача,Булгаков Михаил Афанасьевич,Мартин,166 руб.,918460,10.00(Оценок: 1)
Властелин мира. Продавец воздуха,Беляев Александр Романович,Мартин,254 руб.,918472,0.00(Оценок: 0)
Процесс,Кафка Франц,Мартин,166 руб.,918474,0.00(Оценок: 0)
Процесс. 1984,Кафка Франц,Мартин,270 руб.,918463,0.00(Оценок: 0)
Дни в Бирме,Оруэлл Джордж,Мартин,177 руб.,918475,10.00(Оценок: 1)
Темные аллеи,Бунин Иван Алексеевич,Мартин,230 руб.,918471,0.00(Оценок: 0)
Дракула,Стокер Брэм,Мартин,270 руб.,918470,10.00(Оценок: 2)
Превращение. Скотный двор,Кафка Франц,Мартин,177 руб.,918473,0.00(Оценок: 0)
Дубровский. Повести Белкина,Пушкин Александр Сергеевич,Мартин,166 руб.,918456,0.00(Оценок: 0)
Портрет Дориана Грея. Странная история доктора Джекила и мистера Хайда,Уайльд Оскар,Мартин,254 руб.,918445,10.00(Оценок: 1)
Процесс. 1984,Кафка Франц,Мартин,307 руб.,918442,10.00(Оценок: 1)
Замок,Кафка Франц,Мартин,230 руб.,918450,0.00(Оценок: 0)
Записки из подполья. Игрок. Кроткая,Достоевский Федор Михайлович,Мартин,230 руб.,918448,0.00(Оценок: 0)
Дубровский. Капитанская дочка,Пушкин Александр Сергеевич,Мартин,166 руб.,918429,0.00(Оценок: 0)
Мы. 1984,Замятин Евгений Иванович,Мартин,307 руб.,918443,10.00(Оценок: 1)
Повести Белкина. Пиковая дама. Дубровский. Капитанская дочка,Пушкин Александр Сергеевич,Мартин,230 руб.,918431,0.00(Оценок: 0)
Солнечный удар,Бунин Иван Алексеевич,Мартин,230 руб.,918425,0.00(Оценок: 0)
Кавказский пленник. Хаджи-Мурат,Толстой Лев Николаевич,Мартин,166 руб.,918428,0.00(Оценок: 0)
Собачье сердце. Скотный двор,Булгаков Михаил Афанасьевич,Мартин,193 руб.,918426,10.00(Оценок: 1)
Фунты лиха в Париже и Лондоне,Оруэлл Джордж,Мартин,177 руб.,918427,10.00(Оценок: 1)
Превращение. Процесс,Кафка Франц,Мартин,215 руб.,918424,0.00(Оценок: 0)
Дьяволиада. Роковые яйца. Записки юного врача,Булгаков Михаил Афанасьевич,Мартин,230 руб.,918423,10.00(Оценок: 1)
Превращение. Собачье сердце. Скотный Двор,Кафка Франц,Мартин,230 руб.,918412,10.00(Оценок: 1)
Васюткино озеро. Уроки французского,Астафьев Виктор Петрович,Мартин,292 руб.,918411,0.00(Оценок: 0)
Человек в футляре. Повести,Чехов Антон Павлович,Мартин,230 руб.,918406,0.00(Оценок: 0)
Белая гвардия. Дни Турбиных. Бег,Булгаков Михаил Афанасьевич,Мартин,343 руб.,918408,10.00(Оценок: 2)
Маленький принц. Планета людей. Ночной полет,Сент-Экзюпери Антуан де,Мартин,230 руб.,918407,6.00(Оценок: 2)
О чем плачут лошади. Конь с розовой гривой. Уроки французского,Абрамов Федор Александрович,Мартин,343 руб.,918410,0.00(Оценок: 0)
Мадонна в меховом манто,Али Сабахаттин,Эксмо-Пресс,369 руб.,907378,10.00(Оценок: 1)
Опасные связи,Лакло Шодерло де,Эксмо-Пресс,392 руб.,912616,10.00(Оценок: 2)
Да здравствует фикус. 1984,Оруэлл Джордж,Мартин,292 руб.,918405,10.00(Оценок: 1)
Костры похода,Бородин Сергей Петрович,Вече,466 руб.,918332,0.00(Оценок: 0)
Портрет Дориана Грея,Уайльд Оскар,Тион,216 руб.,918222,10.00(Оценок: 1)
Идиот,Достоевский Федор Михайлович,Тион,216 руб.,918221,0.00(Оценок: 0)
Иерусалим,Лагерлеф Сельма,Black Sheep Books,1134 руб.,918159,10.00(Оценок: 4)
Человек-амфибия,Беляев Александр Романович,Тион,216 руб.,918224,0.00(Оценок: 0)
Сожженная карта. Тайное свидание. Вошедшие в ковчег,Абэ Кобо,Иностранка,875 руб.,917926,10.00(Оценок: 2)
Долина Страха. Записки о Шерлоке Холмсе,Дойл Артур Конан,Иностранка,843 руб.,917927,10.00(Оценок: 5)
Шутки в сторону,Чейз Джеймс Хедли,Азбука,242 руб.,917295,0.00(Оценок: 0)
Я сам похороню своих мертвецов,Чейз Джеймс Хедли,Азбука,242 руб.,917296,0.00(Оценок: 0)
Честнее не бывает,Чейз Джеймс Хедли,Азбука,242 руб.,917294,0.00(Оценок: 0)
У меня четыре туза,Чейз Джеймс Хедли,Азбука,242 руб.,917292,0.00(Оценок: 0)
Ты за это заплатишь,Чейз Джеймс Хедли,Азбука,242 руб.,917291,0.00(Оценок: 0)
У мертвых не спросишь,Чейз Джеймс Хедли,Азбука,242 руб.,917293,0.00(Оценок: 0)
Туз в рукаве,Чейз Джеймс Хедли,Азбука,242 руб.,917290,0.00(Оценок: 0)
Только за наличные,Чейз Джеймс Хедли,Азбука,242 руб.,917289,0.00(Оценок: 0)
Сильнее денег,Чейз Джеймс Хедли,Азбука,242 руб.,917287,0.00(Оценок: 0)
Считай себя покойником,Чейз Джеймс Хедли,Азбука,242 руб.,917288,0.00(Оценок: 0)
Семь раз отмерь,Чейз Джеймс Хедли,Азбука,242 руб.,917286,0.00(Оценок: 0)
Свобода - опасная вещь,Чейз Джеймс Хедли,Азбука,242 руб.,917284,0.00(Оценок: 0)
Сделай одолжение - сдохни!,Чейз Джеймс Хедли,Азбука,242 руб.,917285,0.00(Оценок: 0)
Получи по заслугам,Чейз Джеймс Хедли,Азбука,242 руб.,917281,0.00(Оценок: 0)
Пусть мертвый оживет,Чейз Джеймс Хедли,Азбука,242 руб.,917282,0.00(Оценок: 0)
Реквием блондинке,Чейз Джеймс Хедли,Азбука,242 руб.,917283,0.00(Оценок: 0)
Поймать тигра за хвост,Чейз Джеймс Хедли,Азбука,242 руб.,917279,0.00(Оценок: 0)
Положите ее среди лилий,Чейз Джеймс Хедли,Азбука,242 руб.,917280,0.00(Оценок: 0)
Очередь за саваном,Чейз Джеймс Хедли,Азбука,242 руб.,917278,0.00(Оценок: 0)
Осиное гнездо,Чейз Джеймс Хедли,Азбука,242 руб.,917277,0.00(Оценок: 0)
Он свое получит,Чейз Джеймс Хедли,Азбука,242 руб.,917276,0.00(Оценок: 0)
Негде спрятаться золотой рыбке,Чейз Джеймс Хедли,Азбука,242 руб.,917274,0.00(Оценок: 0)
Нас похоронят вместе,Чейз Джеймс Хедли,Азбука,242 руб.,917272,0.00(Оценок: 0)
Не мой уровень,Чейз Джеймс Хедли,Азбука,242 руб.,917273,0.00(Оценок: 0)
"Найди его, а я разберусь",Чейз Джеймс Хедли,Азбука,242 руб.,917271,0.00(Оценок: 0)
Миссия в Венецию,Чейз Джеймс Хедли,Азбука,242 руб.,917270,0.00(Оценок: 0)
Нет орхидей для мисс Блэндиш,Чейз Джеймс Хедли,Азбука,242 руб.,917275,0.00(Оценок: 0)
Лучше бы я остался бедным. Романы,Чейз Джеймс Хедли,Азбука,242 руб.,917269,0.00(Оценок: 0)
"Итак, моя радость...",Чейз Джеймс Хедли,Азбука,242 руб.,917268,0.00(Оценок: 0)
За все надо платить,Чейз Джеймс Хедли,Азбука,242 руб.,917267,0.00(Оценок: 0)
Жизнь коротка,Чейз Джеймс Хедли,Азбука,242 руб.,917266,0.00(Оценок: 0)
Виновный всегда боится,Чейз Джеймс Хедли,Азбука,242 руб.,917263,0.00(Оценок: 0)
Быстрые деньги,Чейз Джеймс Хедли,Азбука,242 руб.,917262,0.00(Оценок: 0)
Двойная подтасовка,Чейз Джеймс Хедли,Азбука,242 руб.,917264,0.00(Оценок: 0)
Если вам дорога жизнь. Романы,Чейз Джеймс Хедли,Азбука,242 руб.,917265,0.00(Оценок: 0)
Черные орхидеи,Стаут Рекс,Азбука,253 руб.,917257,0.00(Оценок: 0)
Умолкнувший оратор. Слишком много женщин,Стаут Рекс,Азбука,253 руб.,917256,0.00(Оценок: 0)
Без денег ты мертвец,Чейз Джеймс Хедли,Азбука,242 руб.,917261,0.00(Оценок: 0)
Только через мой труп. Завещание,Стаут Рекс,Азбука,253 руб.,917255,0.00(Оценок: 0)
Снова убивать. Красная шкатулка,Стаут Рекс,Азбука,253 руб.,917254,0.00(Оценок: 0)
Прочитавшему - смерть. Тройной риск,Стаут Рекс,Азбука,253 руб.,917252,0.00(Оценок: 0)
И быть подлецом. Тройные хлопоты,Стаут Рекс,Азбука,253 руб.,917250,0.00(Оценок: 0)
Слишком много поваров. Где Цезарь кровью истекал...,Стаут Рекс,Азбука,253 руб.,917253,0.00(Оценок: 0)
Даже в лучших домах. И трижды был опущен занавес,Стаут Рекс,Азбука,253 руб.,917249,0.00(Оценок: 0)
Острие копья. Лига перепуганных мужчин,Стаут Рекс,Азбука,253 руб.,917251,10.00(Оценок: 1)
Второе признание. Три двери смерти,Стаут Рекс,Азбука,253 руб.,917248,0.00(Оценок: 0)
Угрюм-река,Шишков Вячеслав Яковлевич,Азбука,1433 руб.,917095,10.00(Оценок: 3)
Плутония,Обручев Владимир Афанасьевич,Азбука,1532 руб.,917092,10.00(Оценок: 6)
Похождения Жиль Бласа из Сантильяны,Лесаж Ален-Рене,Азбука,2022 руб.,917089,10.00(Оценок: 6)
"Последний из могикан, или Повесть о 1757 годе",Купер Джеймс Фенимор,Азбука,1348 руб.,917088,10.00(Оценок: 3)
Легенда об Уленшпигеле,Костер Шарль де,Азбука,2229 руб.,917087,10.00(Оценок: 4)
"Убийство в ""Восточном экспрессе""",Кристи Агата,Эксмо-Пресс,252 руб.,674571,9.13(Оценок: 39)
Повесть о жизни,Паустовский Константин Георгиевич,Азбука,1302 руб.,914162,9.38(Оценок: 8)
Малое собрание сочинений,Янссон Туве,Азбука,578 руб.,917164,10.00(Оценок: 1)
Малое собрание сочинений,Шоу Бернард,Азбука,505 руб.,917163,9.00(Оценок: 2)
Малое собрание сочинений,Честертон Гилберт Кит,Азбука,403 руб.,917160,0.00(Оценок: 0)
Малое собрание сочинений,Шмелев Иван Сергеевич,Азбука,505 руб.,917162,0.00(Оценок: 0)
Малое собрание сочинений,Чарская Лидия Алексеевна,Азбука,505 руб.,917159,10.00(Оценок: 1)
Малое собрание сочинений,Сетон-Томпсон Эрнест,Азбука,549 руб.,917155,0.00(Оценок: 0)
Малое собрание сочинений,Сент-Экзюпери Антуан де,Азбука,403 руб.,917154,10.00(Оценок: 1)
Малое собрание сочинений,Толстой Алексей Николаевич,Азбука,476 руб.,917157,0.00(Оценок: 0)
Малое собрание сочинений,Сименон Жорж,Азбука,549 руб.,917156,0.00(Оценок: 0)
Малое собрание сочинений,Сароян Уильям,Азбука,476 руб.,917151,0.00(Оценок: 0)
Малое собрание сочинений,Свифт Джонатан,Азбука,476 руб.,917152,10.00(Оценок: 2)
Малое собрание сочинений,Семенов Юлиан Семенович,Азбука,403 руб.,917153,0.00(Оценок: 0)
Малое собрание сочинений,Олкотт Луиза Мэй,Азбука,476 руб.,917149,10.00(Оценок: 1)
Малое собрание сочинений,Оруэлл Джордж,Азбука,476 руб.,917150,10.00(Оценок: 1)
Малое собрание сочинений,Олеша Юрий Карлович,Азбука,476 руб.,917148,10.00(Оценок: 1)
Малое собрание сочинений,Одоевцева Ирина Владимировна,Азбука,549 руб.,917146,0.00(Оценок: 0)
Малое собрание сочинений,Обручев Владимир Афанасьевич,Азбука,476 руб.,917145,10.00(Оценок: 1)
Малое собрание сочинений,Мариенгоф Анатолий Борисович,Азбука,505 руб.,917144,0.00(Оценок: 0)
Малое собрание сочинений,Кэрролл Льюис,Азбука,476 руб.,917142,10.00(Оценок: 1)
Малое собрание сочинений,Майринк Густав,Азбука,549 руб.,917143,9.50(Оценок: 2)
Малое собрание сочинений,Куваев Олег Михайлович,Азбука,549 руб.,917141,0.00(Оценок: 0)
Малое собрание сочинений,Короленко Владимир Галактионович,Азбука,476 руб.,917138,0.00(Оценок: 0)
Малое собрание сочинений,Дефо Даниель,Азбука,476 руб.,917133,10.00(Оценок: 1)
Малое собрание сочинений,Дюма Александр,Азбука,549 руб.,917135,10.00(Оценок: 1)
Малое собрание сочинений,Бальзак Оноре де,Азбука,403 руб.,917128,0.00(Оценок: 0)
Малое собрание сочинений,Бронте Эмили,Азбука,403 руб.,917130,10.00(Оценок: 1)
Воспитание чувств,Флобер Гюстав,Азбука,215 руб.,917115,0.00(Оценок: 0)
Малое собрание сочинений,Аксенов Василий Павлович,Азбука,549 руб.,917125,0.00(Оценок: 0)
Малое собрание сочинений,Айтматов Чингиз Торекулович,Азбука,549 руб.,917124,0.00(Оценок: 0)
Последний магнат,Фицджеральд Фрэнсис Скотт,Азбука,215 руб.,917114,10.00(Оценок: 1)
Записки охотника,Тургенев Иван Сергеевич,Азбука,215 руб.,917113,10.00(Оценок: 1)
Янки из Коннектикута при дворе короля Артура,Твен Марк,Азбука,215 руб.,917111,0.00(Оценок: 0)
Гроза,Островский Александр Николаевич,Азбука,215 руб.,917110,5.00(Оценок: 1)
Гиперболоид инженера Гарина. Аэлита,Толстой Алексей Николаевич,Азбука,215 руб.,917112,0.00(Оценок: 0)
Время-не-ждет,Лондон Джек,Азбука,215 руб.,917108,10.00(Оценок: 1)
Ключи Царства,Кронин Арчибалд Джозеф,Азбука,215 руб.,917105,9.00(Оценок: 1)
"Следопыт, или На берегах Онтарио",Купер Джеймс Фенимор,Азбука,215 руб.,917106,0.00(Оценок: 0)
Жизнь,Мопассан Ги де,Азбука,215 руб.,917109,0.00(Оценок: 0)
"Туманность Андромеды. Роман, повесть",Ефремов Иван Антонович,Азбука,215 руб.,917104,10.00(Оценок: 2)
Дама с камелиями,Дюма-сын Александр,Азбука,215 руб.,917103,0.00(Оценок: 0)
Этюд в багровых тонах,Дойл Артур Конан,Азбука,215 руб.,917102,0.00(Оценок: 0)
Спартак,Джованьоли Рафаэлло,Азбука,215 руб.,917101,0.00(Оценок: 0)
Тимур и его команда,Гайдар Аркадий Петрович,Азбука,215 руб.,917098,0.00(Оценок: 0)
Щелкунчик и мышиный король,Гофман Эрнст Теодор Амадей,Азбука,215 руб.,917100,10.00(Оценок: 1)
Обыкновенная история,Гончаров Иван Александрович,Азбука,215 руб.,917099,0.00(Оценок: 0)
Человек-амфибия. Избранные произведения,Беляев Александр Романович,Азбука,215 руб.,917097,10.00(Оценок: 2)
Виннету. Сын вождя,Май Карл,Азбука,1532 руб.,917091,10.00(Оценок: 4)
Виннету. Друг индейцев,Май Карл,Азбука,1532 руб.,917090,10.00(Оценок: 4)
Великий Гэтсби,Фицджеральд Фрэнсис Скотт,Азбука,961 руб.,917093,9.50(Оценок: 4)
"Граф Калиостро, или Жозеф Бальзамо",Дюма Александр,Азбука,1686 руб.,917084,10.00(Оценок: 3)
Великие тайны океанов. Тихий океан. Флибустьерское море,Блон Жорж,Азбука,2022 руб.,917075,10.00(Оценок: 3)
Наследие капитана Флинта,Стивенсон Роберт Льюис,Азбука,917 руб.,917071,10.00(Оценок: 3)
Разбойники Сахары. Пантеры Алжира. Грабители Эр-Рифа. Романы,Сальгари Эмилио,Азбука,843 руб.,917066,10.00(Оценок: 3)
Приключения бригадира Жерара,Дойл Артур Конан,Азбука,764 руб.,917061,10.00(Оценок: 2)
Великие тайны океанов. Средиземное море. Полярные моря,Блон Жорж,Азбука,2022 руб.,917074,10.00(Оценок: 3)
Бродяги Севера,Кервуд Джеймс Оливер,Азбука,764 руб.,917062,10.00(Оценок: 4)
"Изгнанники, или Топ и Харри",Вельскопф-Генрих Лизелотта,Азбука,965 руб.,917056,10.00(Оценок: 2)
"Харка, сын вождя",Вельскопф-Генрих Лизелотта,Азбука,911 руб.,917057,10.00(Оценок: 2)
Затерянный мир,Дойл Артур Конан,Азбука,193 руб.,491511,9.62(Оценок: 8)
Сирано де Бержерак,Ростан Эдмон,Азбука,215 руб.,489032,9.70(Оценок: 10)
Мы,Замятин Евгений Иванович,АСТ,208 руб.,844027,8.70(Оценок: 10)
Преступление и наказание,Достоевский Федор Михайлович,АСТ,260 руб.,482353,9.40(Оценок: 80)
Убить пересмешника…,Ли Харпер,АСТ,394 руб.,621296,9.01(Оценок: 141)
Не стреляйте белых лебедей,Васильев Борис Львович,Азбука,196 руб.,486358,9.57(Оценок: 14)
Одиссея капитана Блада,Сабатини Рафаэль,Азбука,232 руб.,473158,9.64(Оценок: 11)
От двух до пяти,Чуковский Корней Иванович,Азбука,274 руб.,478892,9.61(Оценок: 23)
Остров Сокровищ,Стивенсон Роберт Льюис,Азбука,196 руб.,471260,9.00(Оценок: 15)
Живи и помни,Распутин Валентин Григорьевич,Азбука,231 руб.,477176,9.20(Оценок: 15)
Пассажир первого класса,Чехов Антон Павлович,Азбука,193 руб.,484916,10.00(Оценок: 6)
Пятнадцатилетний капитан,Верн Жюль,Азбука,196 руб.,471257,9.89(Оценок: 9)
Донские рассказы,Шолохов Михаил Александрович,Азбука,231 руб.,484917,9.00(Оценок: 5)
Прощание с Матёрой,Распутин Валентин Григорьевич,Азбука,290 руб.,468210,9.67(Оценок: 9)
Нейромант,Гибсон Уильям,Азбука,705 руб.,468219,9.09(Оценок: 58)
Погребенный с фараонами,Лавкрафт Говард Филлипс,Азбука,193 руб.,463925,9.44(Оценок: 9)
Загадочный дом на туманном утесе,Лавкрафт Говард Филлипс,Азбука,232 руб.,460084,8.79(Оценок: 29)
Пармская обитель,Стендаль,Азбука,215 руб.,458952,7.86(Оценок: 7)
Портрет художника в юности,Джойс Джеймс,Азбука,205 руб.,468207,7.57(Оценок: 7)
Малое собрание сочинений,Стендаль,Азбука,403 руб.,447578,10.00(Оценок: 5)
Мать,Горький Максим,Азбука,205 руб.,454742,8.25(Оценок: 12)
Двенадцать стульев,Ильф Илья Арнольдович,Азбука,2022 руб.,463911,9.36(Оценок: 88)
Золотая роза,Паустовский Константин Георгиевич,Азбука,222 руб.,445868,9.71(Оценок: 7)
Абрикосовое варенье,Солженицын Александр Исаевич,Азбука,222 руб.,446488,6.29(Оценок: 14)
Записки психопата,Ерофеев Венедикт Васильевич,Азбука,222 руб.,446928,7.80(Оценок: 10)
В круге первом,Солженицын Александр Исаевич,Азбука,323 руб.,442458,6.54(Оценок: 13)
Петр Первый,Толстой Алексей Николаевич,Азбука,256 руб.,437743,9.71(Оценок: 7)
Пиры Валтасара. Повести,Искандер Фазиль Абдулович,Азбука,222 руб.,444838,9.33(Оценок: 6)
Сандро из Чегема,Искандер Фазиль Абдулович,Азбука,1009 руб.,443161,9.43(Оценок: 23)
Двадцать дней без войны,Симонов Константин Михайлович,Азбука,222 руб.,436898,10.00(Оценок: 6)
Мария Антуанетта. Портрет ординарного характера,Цвейг Стефан,Азбука,242 руб.,430372,9.33(Оценок: 9)
Малое собрание сочинений,Аверченко Аркадий Тимофеевич,Азбука,476 руб.,430364,8.64(Оценок: 11)
Лавка древностей,Диккенс Чарльз,Азбука,231 руб.,430368,9.12(Оценок: 17)
Золотой теленок,Ильф Илья Арнольдович,Азбука,196 руб.,429909,9.43(Оценок: 7)
Московское гостеприимство,Аверченко Аркадий Тимофеевич,Азбука,215 руб.,428314,9.55(Оценок: 11)
Сестра Керри,Драйзер Теодор,Азбука,231 руб.,429907,9.18(Оценок: 11)
Овод,Войнич Этель Лилиан,Азбука,215 руб.,424179,9.92(Оценок: 24)
Дженни Герхардт,Драйзер Теодор,Азбука,222 руб.,423133,9.11(Оценок: 19)
Песня о Соколе,Горький Максим,Азбука,196 руб.,424186,9.67(Оценок: 6)
Малое собрание сочинений,Твен Марк,Азбука,476 руб.,421574,9.67(Оценок: 9)
Иные боги,Лавкрафт Говард Филлипс,Азбука,196 руб.,421113,9.73(Оценок: 15)
Утраченные иллюзии,Бальзак Оноре де,Азбука,215 руб.,416478,8.80(Оценок: 5)
Левша,Лесков Николай Семенович,Азбука,193 руб.,408565,9.83(Оценок: 6)
Всадник без головы,Майн Рид Томас,Азбука,231 руб.,416972,9.00(Оценок: 18)
Копи царя Соломона,Хаггард Генри Райдер,Азбука,232 руб.,412118,9.22(Оценок: 9)
Война и мир. Комплект из 2-х книг,Толстой Лев Николаевич,Азбука,512 руб.,420473,8.68(Оценок: 22)
Последний магнат,Фицджеральд Фрэнсис Скотт,Азбука,178 руб.,407634,9.43(Оценок: 7)
Маленькая хозяйка большого дома,Лондон Джек,Азбука,196 руб.,407633,7.93(Оценок: 28)
Малое собрание сочинений,Уайльд Оскар,Азбука,607 руб.,407631,9.57(Оценок: 23)
Малое собрание сочинений,Драйзер Теодор,Азбука,607 руб.,407630,9.25(Оценок: 8)
Горячий снег,Бондарев Юрий Васильевич,Азбука,232 руб.,383032,10.00(Оценок: 7)
Легенда об Уленшпигеле,Костер Шарль де,Азбука,215 руб.,382832,8.27(Оценок: 15)
Мария Стюарт. Романизированная биография,Цвейг Стефан,Азбука,196 руб.,394553,9.60(Оценок: 10)
Мартин Иден,Лондон Джек,Азбука,196 руб.,382061,9.63(Оценок: 43)
Случаи и Вещи,Хармс Даниил Иванович,Азбука,215 руб.,377569,9.38(Оценок: 8)
Мелкий бес,Сологуб Федор Кузьмич,Азбука,205 руб.,379173,9.00(Оценок: 12)
Одесские рассказы,Бабель Исаак Эммануилович,Азбука,196 руб.,374998,9.08(Оценок: 12)
Нетерпение сердца,Цвейг Стефан,Азбука,196 руб.,373967,9.57(Оценок: 21)
Гаргантюа и Пантагрюэль,Рабле Франсуа,Азбука,290 руб.,375014,10.00(Оценок: 2)
Дети капитана Гранта,Верн Жюль,Азбука,242 руб.,373965,9.57(Оценок: 7)
Дубровский,Пушкин Александр Сергеевич,Эксмо,183 руб.,915815,0.00(Оценок: 0)
Катрин Блюм,Дюма Александр,Вече,543 руб.,926199,10.00(Оценок: 3)
Темные аллеи. Рассказы,Бунин Иван Алексеевич,Эксмо,183 руб.,915817,0.00(Оценок: 0)
Юмористические рассказы,Чехов Антон Павлович,Эксмо,183 руб.,915812,0.00(Оценок: 0)
Преступление и наказание,Достоевский Федор Михайлович,Эксмо,183 руб.,915811,0.00(Оценок: 0)
Великий Гэтсби,Фицджеральд Фрэнсис Скотт,Эксмо,183 руб.,915816,10.00(Оценок: 1)
Вино из одуванчиков,Брэдбери Рэй,Эксмо,288 руб.,915814,10.00(Оценок: 1)
Портрет Дориана Грея,Уайльд Оскар,Эксмо,183 руб.,915810,10.00(Оценок: 1)
Дракула,Стокер Брэм,Эксмо,183 руб.,915808,10.00(Оценок: 1)
Гордость и предубеждение,Остен Джейн,Эксмо,183 руб.,915807,10.00(Оценок: 1)
Война и мир. Том III-IV,Толстой Лев Николаевич,Эксмо,183 руб.,915806,0.00(Оценок: 0)
Маленькие женщины,Олкотт Луиза Мэй,Эксмо,183 руб.,915804,0.00(Оценок: 0)
Грозовой перевал,Бронте Эмили,Эксмо,183 руб.,915803,9.50(Оценок: 4)
Война и мир. Том I-II,Толстой Лев Николаевич,Эксмо,183 руб.,915805,0.00(Оценок: 0)
Собор Парижской Богоматери,Гюго Виктор,Эксмо,183 руб.,915802,9.00(Оценок: 2)
Дети капитана Гранта,Верн Жюль,Эксмо,183 руб.,915800,10.00(Оценок: 1)
Братья Карамазовы,Достоевский Федор Михайлович,Эксмо,183 руб.,915799,0.00(Оценок: 0)
Али и Нино,Саид Курбан,Азбука,564 руб.,915662,7.00(Оценок: 3)
Зеркало загадок,Борхес Хорхе Луис,Азбука,274 руб.,914736,0.00(Оценок: 0)
Атлас. Личная библиотека,Борхес Хорхе Луис,Азбука,242 руб.,914541,0.00(Оценок: 0)
История О,Реаж Полин,Азбука,564 руб.,915661,10.00(Оценок: 2)
Книга самурая,Мисима Юкио,Азбука,231 руб.,914803,0.00(Оценок: 0)
Любовник леди Чаттерли,Лоуренс Дэвид Герберт,Эксмо-Пресс,413 руб.,908560,10.00(Оценок: 2)
Воспитание чувств,Флобер Гюстав,Азбука,205 руб.,540070,8.00(Оценок: 1)
Герой нашего времени,Лермонтов Михаил Юрьевич,Эксмо,183 руб.,878777,0.00(Оценок: 0)
Перед восходом солнца,Зощенко Михаил Михайлович,Азбука,222 руб.,538546,9.50(Оценок: 10)
Дочь снегов,Лондон Джек,Азбука,196 руб.,540068,6.25(Оценок: 4)
Похвала Глупости,Роттердамский Эразм,Азбука,178 руб.,914669,0.00(Оценок: 0)
Звезды смотрят вниз,Кронин Арчибалд Джозеф,Азбука,323 руб.,540066,9.35(Оценок: 23)
Дети подземелья,Короленко Владимир Галактионович,Азбука,196 руб.,535695,9.50(Оценок: 6)
К последнему морю,Ян Василий Григорьевич,Азбука,196 руб.,535246,9.83(Оценок: 6)
Принцесса Марса. Боги Марса. Владыка Марса,Берроуз Эдгар Райс,Азбука,843 руб.,533051,9.73(Оценок: 63)
Бегущая по волнам,Грин Александр Степанович,Азбука,196 руб.,531233,9.33(Оценок: 3)
Малое собрание сочинений,Толстой Алексей Константинович,Азбука,476 руб.,526957,9.80(Оценок: 5)
Кролики и удавы,Искандер Фазиль Абдулович,Азбука,232 руб.,526948,10.00(Оценок: 5)
"Мятеж на ""Эльсиноре""",Лондон Джек,Азбука,193 руб.,526137,9.00(Оценок: 8)
Малое собрание сочинений,Гете Иоганн Вольфганг,Азбука,549 руб.,524286,9.22(Оценок: 9)
За гранью времен,Лавкрафт Говард Филлипс,Азбука,196 руб.,524281,9.20(Оценок: 5)
Одиссея капитана Блада,Сабатини Рафаэль,Азбука,215 руб.,521437,9.93(Оценок: 15)
Мгла над Инсмутом,Лавкрафт Говард Филлипс,Азбука,196 руб.,518828,8.21(Оценок: 14)
Последняя война,Булычев Кир,Азбука,1097 руб.,518293,9.56(Оценок: 27)
Батый,Ян Василий Григорьевич,Азбука,232 руб.,512429,9.67(Оценок: 12)
"Пегий пес, бегущий краем моря",Айтматов Чингиз Торекулович,Азбука,205 руб.,512421,9.55(Оценок: 11)
Дон Кихот. В 2-х книгах,Сервантес Мигель де Сааведра,Азбука,512 руб.,512426,9.67(Оценок: 12)
"Таящийся у порога: повести, рассказы",Лавкрафт Говард Филлипс,Азбука,274 руб.,511131,8.91(Оценок: 11)
Жизнь,Мопассан Ги де,Азбука,196 руб.,512425,9.22(Оценок: 9)
Белеет парус одинокий,Катаев Валентин Петрович,Азбука,232 руб.,506805,10.00(Оценок: 3)
Подросток,Достоевский Федор Михайлович,Азбука,231 руб.,503225,9.38(Оценок: 8)
Господа Головлевы,Салтыков-Щедрин Михаил Евграфович,Азбука,196 руб.,505834,9.33(Оценок: 3)
Крушение столпов,Дрюон Морис,Азбука,222 руб.,502490,10.00(Оценок: 5)
Малое собрание сочинений,Ильф Илья Арнольдович,Азбука,549 руб.,502496,9.86(Оценок: 7)
Максимы,Де Ларошфуко Франсуа,Азбука,196 руб.,500334,7.00(Оценок: 3)
Красное и черное,Стендаль,Азбука,231 руб.,499853,8.88(Оценок: 8)
Вокруг света в восемьдесят дней,Верн Жюль,Азбука,196 руб.,499851,10.00(Оценок: 7)
Малое собрание сочинений,Шолохов Михаил Александрович,Азбука,505 руб.,503232,9.12(Оценок: 8)
Опавшие листья,Розанов Василий Васильевич,Азбука,196 руб.,497406,7.60(Оценок: 5)
Иду на грозу,Гранин Даниил Александрович,Азбука,222 руб.,498002,9.75(Оценок: 8)
Камо грядеши,Сенкевич Генрик,Азбука,242 руб.,498006,9.26(Оценок: 19)
Записки на манжетах. Записки покойника,Булгаков Михаил Афанасьевич,Азбука,196 руб.,499850,8.80(Оценок: 5)
Петербург,Белый Андрей,Азбука,231 руб.,494240,10.00(Оценок: 6)
Маленькие женщины,Олкотт Луиза Мэй,АСТ,224 руб.,721460,8.65(Оценок: 52)
Мистические истории. Абсолютное зло,Кип Леонард,Азбука,242 руб.,929206,8.00(Оценок: 1)
"Трактир ""Ямайка"". Моя кузина Рейчел. Козел отпущения",Дюморье Дафна,Иностранка,986 руб.,925175,10.00(Оценок: 6)
Ночь нежна,Фицджеральд Фрэнсис Скотт,Азбука,215 руб.,367292,8.59(Оценок: 29)
Овод,Войнич Этель Лилиан,Азбука,196 руб.,364528,9.23(Оценок: 22)
Таинственный сад,Бёрнетт Фрэнсис Ходжсон,АСТ,224 руб.,739743,9.32(Оценок: 31)
Московское гостеприимство. Рассказы,Аверченко Аркадий Тимофеевич,Азбука,193 руб.,365539,7.57(Оценок: 7)
Князь Серебряный,Толстой Алексей Константинович,Азбука,205 руб.,366908,9.69(Оценок: 13)
Последний из могикан,Купер Джеймс Фенимор,Азбука,205 руб.,353366,9.83(Оценок: 6)
"Жизнь Дэвида Копперфильда, рассказанная им самим",Диккенс Чарльз,Азбука,290 руб.,353364,9.33(Оценок: 24)
Графиня Рудольштадт,Санд Жорж,Азбука,242 руб.,343729,8.14(Оценок: 7)
Малое собрание сочинений,Флобер Гюстав,Азбука,476 руб.,342617,9.50(Оценок: 4)
Блистающий мир. Золотая цепь,Грин Александр Степанович,Азбука,193 руб.,340815,9.50(Оценок: 4)
Консуэло. Комплект из 2-х книг,Санд Жорж,Азбука,439 руб.,327291,7.60(Оценок: 5)
Малое собрание сочинений,Фицджеральд Фрэнсис Скотт,Азбука,549 руб.,311200,9.27(Оценок: 11)
Архипелаг ГУЛАГ. 1918-1956. Опыт художественного исследования. Комплект из 3-х книг,Солженицын Александр Исаевич,Азбука,689 руб.,300879,6.30(Оценок: 46)
Дачное удовольствие,Чехов Антон Павлович,Азбука,193 руб.,294120,10.00(Оценок: 8)
По эту сторону рая,Фицджеральд Фрэнсис Скотт,Азбука,196 руб.,293313,9.26(Оценок: 19)
Воспоминания двух юных жен,Бальзак Оноре де,Азбука,193 руб.,283368,9.15(Оценок: 13)
Алые паруса,Грин Александр Степанович,Азбука,222 руб.,290212,9.67(Оценок: 9)
В списках не значился,Васильев Борис Львович,Азбука,196 руб.,278545,9.83(Оценок: 23)
Морской волк,Лондон Джек,Азбука,196 руб.,278934,9.21(Оценок: 14)
Ф.М. Достоевский. Малое собрание сочинений,Достоевский Федор Михайлович,Азбука,549 руб.,279094,9.79(Оценок: 28)
Ночь нежна,Фицджеральд Фрэнсис Скотт,Азбука,205 руб.,276538,8.50(Оценок: 28)
Малое собрание сочинений,Пастернак Борис Леонидович,Азбука,549 руб.,277848,8.62(Оценок: 8)
Записки из Мертвого дома,Достоевский Федор Михайлович,Азбука,193 руб.,276537,9.91(Оценок: 11)
Большие надежды,Диккенс Чарльз,Азбука,222 руб.,277850,9.84(Оценок: 43)
Айвенго,Скотт Вальтер,Азбука,232 руб.,275455,9.15(Оценок: 13)
Лунный камень,Коллинз Уильям Уилки,Азбука,232 руб.,269549,9.67(Оценок: 12)
Малое собрание сочинений,Пушкин Александр Сергеевич,Азбука,549 руб.,269547,9.56(Оценок: 16)
Малое собрание сочинений,Чехов Антон Павлович,Азбука,549 руб.,262130,8.49(Оценок: 35)
Малое собрание сочинений,Булгаков Михаил Афанасьевич,Азбука,607 руб.,244606,9.86(Оценок: 22)
Девяносто третий год,Гюго Виктор,Азбука,205 руб.,228857,9.75(Оценок: 12)
Конармия,Бабель Исаак Эммануилович,Азбука,193 руб.,222792,8.62(Оценок: 8)
Воскресение,Толстой Лев Николаевич,Азбука,222 руб.,229074,8.83(Оценок: 24)
Незнакомка из Уайлдфелл-Холла: Роман,Бронте Энн,Азбука,232 руб.,221508,9.83(Оценок: 30)
Педагогическая поэма,Макаренко Антон Семенович,Азбука,232 руб.,209433,8.09(Оценок: 34)
Обыкновенная история,Гончаров Иван Александрович,Азбука,196 руб.,210915,9.60(Оценок: 5)
Любовь и дружба,Остен Джейн,Азбука,222 руб.,207733,9.16(Оценок: 19)
Шерли,Бронте Шарлотта,Азбука,242 руб.,206643,9.82(Оценок: 11)
Казаки,Толстой Лев Николаевич,Азбука,169 руб.,178535,9.60(Оценок: 5)
Падение дома Ашеров. Рассказы,По Эдгар Аллан,Азбука,193 руб.,172649,9.50(Оценок: 16)
Агнес Грей,Бронте Энн,Азбука,196 руб.,161356,7.14(Оценок: 7)
Недоросль,Фонвизин Денис Иванович,Азбука,178 руб.,167927,8.89(Оценок: 19)
Пармская обитель,Стендаль,Азбука,242 руб.,155641,8.67(Оценок: 3)
Дворянское гнездо,Тургенев Иван Сергеевич,Азбука,178 руб.,155037,9.90(Оценок: 10)
Поединок. Повесть,Куприн Александр Иванович,Азбука,193 руб.,176750,9.17(Оценок: 6)
Короли и капуста,О. Генри,Азбука,196 руб.,147122,9.25(Оценок: 4)
Блеск и нищета куртизанок,Бальзак Оноре де,Азбука,205 руб.,140181,8.69(Оценок: 16)
"Москва краснокаменная. Рассказы, фельетоны 20-х годов",Булгаков Михаил Афанасьевич,Азбука,193 руб.,133694,9.83(Оценок: 6)
Беседа пьяного с трезвым чертом,Чехов Антон Павлович,Азбука,193 руб.,136841,9.25(Оценок: 4)
Вечера на хуторе близ Диканьки,Гоголь Николай Васильевич,Азбука,193 руб.,134294,8.43(Оценок: 7)
"Люблю глаза твои, мой друг...",Тютчев Федор Иванович,Азбука,196 руб.,129438,10.00(Оценок: 5)
Леди Макбет Мценского уезда,Лесков Николай Семенович,Азбука,196 руб.,109232,8.73(Оценок: 11)
Тайна Эдвина Друда,Диккенс Чарльз,Азбука,222 руб.,120305,9.53(Оценок: 30)
Исповедь хулигана,Есенин Сергей Александрович,Азбука,178 руб.,105123,9.91(Оценок: 11)
Дневник писателя,Достоевский Федор Михайлович,Азбука,205 руб.,93398,9.18(Оценок: 17)
Мэнсфилд-парк,Остен Джейн,Азбука,222 руб.,89388,9.00(Оценок: 17)
История одного города,Салтыков-Щедрин Михаил Евграфович,Азбука,196 руб.,75854,10.00(Оценок: 10)
Нортенгерское аббатство,Остен Джейн,Азбука,196 руб.,54810,9.19(Оценок: 27)
"Золотой горшок. Крошка Цахес, по прозванию Циннобер",Гофман Эрнст Теодор Амадей,Азбука,193 руб.,80846,10.00(Оценок: 8)
Крейцерова соната: Повести,Толстой Лев Николаевич,Азбука,193 руб.,48567,8.80(Оценок: 5)
Милый друг,Мопассан Ги де,Азбука,196 руб.,36436,9.38(Оценок: 34)
"Морфий. Рассказы, повесть",Булгаков Михаил Афанасьевич,Азбука,193 руб.,36262,9.79(Оценок: 24)
1984,Оруэлл Джордж,АСТ,269 руб.,860997,8.00(Оценок: 16)
Повесть о жизни. Книги I-III,Паустовский Константин Георгиевич,Азбука,323 руб.,921188,10.00(Оценок: 1)
Десять негритят,Кристи Агата,Эксмо-Пресс,252 руб.,707251,9.51(Оценок: 49)
Виновный всегда боится,Чейз Джеймс Хедли,Иностранка,767 руб.,913353,0.00(Оценок: 0)
Три товарища,Ремарк Эрих Мария,АСТ,343 руб.,655706,9.20(Оценок: 80)
Без денег ты мертвец,Чейз Джеймс Хедли,Иностранка,705 руб.,913351,8.00(Оценок: 1)
Блондинка в озере. Сестричка. Долгое прощание. Обратный ход,Чандлер Рэймонд,Иностранка,917 руб.,913350,10.00(Оценок: 1)
Весь мир в кармане,Чейз Джеймс Хедли,Иностранка,705 руб.,913352,10.00(Оценок: 1)
Гамбит. Банальное убийство,Стаут Рекс,Иностранка,767 руб.,913338,0.00(Оценок: 0)
Игрок,Достоевский Федор Михайлович,Эксмо-Пресс,252 руб.,908559,0.00(Оценок: 0)
Рубин Великого Ламы,Лори Андре,Вече,428 руб.,915434,9.40(Оценок: 5)
Торговцы мечтами,Роббинс Гарольд,Пальмира,1797 руб.,915295,0.00(Оценок: 0)
Сказка сказок. Пентамерон,Базиле Джамбаттиста,Альма-Матер,829 руб.,915283,0.00(Оценок: 0)
Снайпер,Чейз Джеймс Хедли,Азбука,242 руб.,914131,0.00(Оценок: 0)
Игра в пятнашки. Золотые пауки,Стаут Рекс,Азбука,253 руб.,914128,0.00(Оценок: 0)
"Трое вне игры. Черная гора. Повести, роман",Стаут Рекс,Азбука,253 руб.,914129,0.00(Оценок: 0)
Птицы и другие истории,Дюморье Дафна,Азбука,232 руб.,535245,9.46(Оценок: 13)
Семнадцать мгновений весны,Семенов Юлиан Семенович,Азбука,222 руб.,535697,9.25(Оценок: 4)
Время-не-ждет,Лондон Джек,Азбука,196 руб.,533351,7.75(Оценок: 4)
Затерянный мир,Дойл Артур Конан,Азбука,215 руб.,532288,10.00(Оценок: 9)
Моя кузина Рейчел,Дюморье Дафна,Азбука,242 руб.,531234,8.79(Оценок: 29)
И дольше века длится день...,Айтматов Чингиз Торекулович,Азбука,231 руб.,524279,9.57(Оценок: 7)
Повесть о Ходже Насреддине,Соловьев Леонид Васильевич,Азбука,274 руб.,528815,9.82(Оценок: 11)
Одноэтажная Америка,Ильф Илья Арнольдович,Азбука,222 руб.,523460,9.55(Оценок: 11)
Плаха,Айтматов Чингиз Торекулович,Азбука,222 руб.,509352,9.54(Оценок: 13)
Мы,Замятин Евгений Иванович,Азбука,215 руб.,507581,8.10(Оценок: 20)
Дети Арбата,Рыбаков Анатолий Наумович,Азбука,1302 руб.,524287,9.09(Оценок: 22)
Отцы и дети,Тургенев Иван Сергеевич,Азбука,196 руб.,511133,9.58(Оценок: 12)
Сентябрьские розы,Моруа Андре,Азбука,222 руб.,497404,7.82(Оценок: 22)
Путешествие из Петербурга в Москву,Радищев Александр Николаевич,Азбука,193 руб.,505833,9.14(Оценок: 7)
Вечный муж. Кроткая,Достоевский Федор Михайлович,Азбука,193 руб.,492635,9.80(Оценок: 5)
Мартин Иден,Лондон Джек,Азбука,215 руб.,485314,9.39(Оценок: 28)
Идиот,Достоевский Федор Михайлович,Азбука,205 руб.,502489,8.89(Оценок: 9)
Зов Ктулху,Лавкрафт Говард Филлипс,Азбука,178 руб.,481331,9.15(Оценок: 26)
Превращение,Кафка Франц,Азбука,215 руб.,478896,9.29(Оценок: 21)
"Моби Дик, или Белый Кит",Мелвилл Герман,Азбука,215 руб.,477184,8.51(Оценок: 35)
Бедные люди,Достоевский Федор Михайлович,Азбука,196 руб.,475220,10.00(Оценок: 8)
Судьба человека,Шолохов Михаил Александрович,Азбука,232 руб.,473159,9.62(Оценок: 21)
Роза Мира,Андреев Даниил Леонидович,Азбука,323 руб.,471267,9.00(Оценок: 10)
Золотой теленок,Ильф Илья Арнольдович,Азбука,215 руб.,432838,9.60(Оценок: 15)
Тихий Дон. В 2-х томах. Комплект,Шолохов Михаил Александрович,Азбука,579 руб.,454747,8.94(Оценок: 18)
Двенадцать стульев,Ильф Илья Арнольдович,Азбука,215 руб.,429911,9.60(Оценок: 30)
Петр Первый,Толстой Алексей Николаевич,Азбука,215 руб.,437739,8.64(Оценок: 14)
А зори здесь тихие...,Васильев Борис Львович,Азбука,196 руб.,455047,8.93(Оценок: 14)
Улисс. В 2-х томах,Джойс Джеймс,Азбука,483 руб.,428323,8.75(Оценок: 16)
Двенадцать стульев,Ильф Илья Арнольдович,Азбука,193 руб.,429908,9.75(Оценок: 12)
Игрок,Достоевский Федор Михайлович,Азбука,215 руб.,425316,8.30(Оценок: 27)
Отверженные,Гюго Виктор,Азбука,215 руб.,418960,8.75(Оценок: 40)
Война и мир. Комплект из 2-х книг,Толстой Лев Николаевич,Азбука,399 руб.,423124,9.45(Оценок: 84)
Бег,Булгаков Михаил Афанасьевич,Азбука,178 руб.,411509,9.14(Оценок: 7)
Братья Карамазовы,Достоевский Федор Михайлович,Азбука,215 руб.,415481,8.79(Оценок: 53)
Чувство и чувствительность,Остен Джейн,Азбука,215 руб.,417684,9.47(Оценок: 19)
Финансист,Драйзер Теодор,Азбука,222 руб.,405953,9.58(Оценок: 19)
Копи царя Соломона,Хаггард Генри Райдер,Азбука,215 руб.,404362,9.23(Оценок: 22)
Обрыв,Гончаров Иван Александрович,Азбука,231 руб.,402219,9.50(Оценок: 14)
Котлован,Платонов Андрей Платонович,Азбука,193 руб.,408682,9.57(Оценок: 14)
Дракула,Стокер Брэм,Азбука,205 руб.,402217,9.22(Оценок: 23)
Грозовой перевал,Бронте Эмили,Азбука,215 руб.,401259,8.75(Оценок: 81)
Дракула,Стокер Брэм,Азбука,215 руб.,392004,9.35(Оценок: 69)
Джейн Эйр,Бронте Шарлотта,Азбука,215 руб.,391999,9.47(Оценок: 73)
Гордость и предубеждение,Остен Джейн,Азбука,215 руб.,383179,9.50(Оценок: 101)
Замок Броуди,Кронин Арчибалд Джозеф,Иностранка,796 руб.,532907,9.34(Оценок: 103)
Колыбель для кошки,Воннегут Курт,АСТ,289 руб.,435655,8.34(Оценок: 132)
Мы,Замятин Евгений Иванович,Азбука,193 руб.,384230,8.48(Оценок: 42)
1984. Скотный двор,Оруэлл Джордж,Эксмо,223 руб.,810258,9.00(Оценок: 25)
Колымские рассказы,Шаламов Варлам Тихонович,Азбука,222 руб.,388790,9.82(Оценок: 17)
Капитан Трафальгар,Лори Андре,Вече,428 руб.,924731,9.50(Оценок: 6)
Великий Гэтсби,Фицджеральд Фрэнсис Скотт,Азбука,178 руб.,35907,9.00(Оценок: 66)
Америка,Кафка Франц,Азбука,196 руб.,12309,9.50(Оценок: 14)
Айвенго,Скотт Вальтер,Азбука,215 руб.,518833,9.43(Оценок: 14)
Гаргантюа и Пантагрюэль,Рабле Франсуа,Азбука,215 руб.,519698,5.69(Оценок: 13)
Любовник леди Чаттерли,Лоуренс Дэвид Герберт,Азбука,215 руб.,915676,10.00(Оценок: 1)
Дженни Герхардт,Драйзер Теодор,Азбука,215 руб.,915675,0.00(Оценок: 0)
Вера,фон Арним Элизабет,Livebook,540 руб.,907547,10.00(Оценок: 3)
Принц и нищий,Твен Марк,Азбука,215 руб.,489034,9.44(Оценок: 18)
Исповедь. О жизни,Толстой Лев Николаевич,Азбука,222 руб.,503230,9.43(Оценок: 7)
Севастопольские рассказы,Толстой Лев Николаевич,Азбука,215 руб.,470787,9.70(Оценок: 10)
Дочь Монтесумы,Хаггард Генри Райдер,Азбука,215 руб.,438092,9.30(Оценок: 20)
Сердца трех,Лондон Джек,Азбука,215 руб.,468202,8.96(Оценок: 25)
Сестра Керри,Драйзер Теодор,Азбука,215 руб.,458069,9.24(Оценок: 17)
Короли и капуста,О. Генри,Азбука,215 руб.,451472,10.00(Оценок: 13)
Замок,Кафка Франц,Азбука,215 руб.,454738,9.31(Оценок: 16)
Мария Стюарт,Цвейг Стефан,Азбука,215 руб.,420483,9.12(Оценок: 16)
Кармен,Мериме Проспер,Азбука,215 руб.,429912,9.82(Оценок: 11)
Доктор Живаго,Пастернак Борис Леонидович,Азбука,215 руб.,402215,9.05(Оценок: 42)
Белый Бим Черное ухо,Троепольский Гавриил Николаевич,Азбука,222 руб.,420474,9.93(Оценок: 15)
Блеск и нищета куртизанок,Бальзак Оноре де,Азбука,215 руб.,404360,7.73(Оценок: 11)
"Зверобой, или Первая тропа войны",Купер Джеймс Фенимор,Азбука,215 руб.,402214,9.88(Оценок: 8)
Приключения Оливера Твиста,Диккенс Чарльз,Азбука,215 руб.,399707,9.36(Оценок: 28)
Приключения принца Флоризеля,Стивенсон Роберт Льюис,Азбука,215 руб.,410047,9.60(Оценок: 10)
Сонная Лощина,Ирвинг Вашингтон,Азбука,215 руб.,399313,8.59(Оценок: 29)
Воскресение,Толстой Лев Николаевич,Азбука,215 руб.,392005,9.40(Оценок: 20)
Путешествия Лемюэля Гулливера,Свифт Джонатан,Азбука,215 руб.,392002,9.46(Оценок: 13)
Лунный камень,Коллинз Уильям Уилки,Азбука,215 руб.,377567,9.31(Оценок: 16)
Декамерон,Боккаччо Джованни,Азбука,215 руб.,372296,9.18(Оценок: 17)
Алые паруса,Грин Александр Степанович,Азбука,215 руб.,367291,9.42(Оценок: 12)
Преступление и наказание,Достоевский Федор Михайлович,Азбука,215 руб.,366901,9.36(Оценок: 64)
Красное и черное,Стендаль,Азбука,215 руб.,371186,8.83(Оценок: 18)
Гобсек,Бальзак Оноре де,Азбука,215 руб.,362495,9.40(Оценок: 5)
Милый друг,Мопассан Ги де,Азбука,215 руб.,361612,9.52(Оценок: 25)
Белый Клык,Лондон Джек,Азбука,178 руб.,233033,9.80(Оценок: 41)
"Горе от ума. Комедия в четырех действиях, в стихах",Грибоедов Александр Сергеевич,Азбука,193 руб.,57186,9.89(Оценок: 9)
Детство. Отрочество. Юность,Толстой Лев Николаевич,Азбука,222 руб.,209438,8.89(Оценок: 9)
"Франкенштейн, или Современный Прометей",Шелли Мэри,Яуза,255 руб.,917457,0.00(Оценок: 0)
Записки врача,Вересаев Викентий Викентиевич,АСТ,394 руб.,917451,10.00(Оценок: 1)
"1984. Скотный Двор. Романы, повесть",Оруэлл Джордж,Иностранка,705 руб.,917363,10.00(Оценок: 3)
Робот-зазнайка и другие фантастические истории,Каттнер Генри,Азбука,1302 руб.,916121,10.00(Оценок: 1)
Робинзоны космоса,Карсак Франсис,Азбука,843 руб.,916065,10.00(Оценок: 3)
Пришельцы ниоткуда,Карсак Франсис,Азбука,843 руб.,916064,10.00(Оценок: 3)
"Чингисхан. Батый. К ""последнему морю""",Ян Василий Григорьевич,Азбука,1021 руб.,915997,10.00(Оценок: 3)
Король былого и грядущего,Уайт Теренс Хэнбери,Азбука,965 руб.,916080,10.00(Оценок: 1)
Поднятая целина,Шолохов Михаил Александрович,Азбука,767 руб.,915995,10.00(Оценок: 7)
"Калина красная. Повести, рассказы",Шукшин Василий Макарович,Азбука,921 руб.,915996,10.00(Оценок: 5)
"Лето Господне. Романы, повести, эпопея",Шмелев Иван Сергеевич,Азбука,965 руб.,915994,10.00(Оценок: 4)
Емельян Пугачев. Комплект из 2-х книг,Шишков Вячеслав Яковлевич,Азбука,1457 руб.,915993,10.00(Оценок: 5)
Драма на охоте,Чехов Антон Павлович,Азбука,843 руб.,915991,10.00(Оценок: 4)
Белый Бим Черное ухо,Троепольский Гавриил Николаевич,Азбука,729 руб.,915986,10.00(Оценок: 1)
Черный тополь. Сказания о людях тайги,Черкасов Алексей Тимофеевич,Азбука,767 руб.,915989,10.00(Оценок: 4)
Прощание с Матёрой,Распутин Валентин Григорьевич,Азбука,875 руб.,915980,10.00(Оценок: 3)
Конь рыжий. Сказания о людях тайги,Черкасов Алексей Тимофеевич,Азбука,911 руб.,915988,10.00(Оценок: 4)
Чевенгур. Сокровенный человек. Котлован,Платонов Андрей Платонович,Азбука,875 руб.,915977,10.00(Оценок: 4)
"В окопах Сталинграда. Повести, рассказы",Некрасов Виктор Платонович,Азбука,843 руб.,915973,10.00(Оценок: 1)
Семнадцать мгновений весны,Семенов Юлиан Семенович,Азбука,1021 руб.,915982,10.00(Оценок: 4)
Гранатовый браслет. Поединок. Олеся,Куприн Александр Иванович,Азбука,805 руб.,915971,10.00(Оценок: 4)
"Перед зеркалом. Двойной портрет. Наука расставания. Романы, повесть",Каверин Вениамин Александрович,Азбука,965 руб.,915965,10.00(Оценок: 2)
"Территория. Роман, повести, рассказы",Куваев Олег Михайлович,Азбука,875 руб.,915969,10.00(Оценок: 2)
Двенадцать стульев. Золотой теленок. Одноэтажная Америка,Ильф Илья Арнольдович,Азбука,986 руб.,915963,10.00(Оценок: 5)
Кролики и удавы. Человек и его окрестности,Искандер Фазиль Абдулович,Азбука,1128 руб.,915964,10.00(Оценок: 2)
Москва и москвичи,Гиляровский Владимир Алексеевич,Азбука,911 руб.,915959,10.00(Оценок: 1)
"Алые паруса. Бегущая по волнам. Романы, повести",Грин Александр Степанович,Азбука,729 руб.,915960,10.00(Оценок: 3)
"Мы. Бич Божий. Романы, повести, рассказы, сказки",Замятин Евгений Иванович,Азбука,731 руб.,915962,10.00(Оценок: 3)
Человек-амфибия. Лучшее,Беляев Александр Романович,Азбука,965 руб.,915955,8.50(Оценок: 4)
Республика Шкид. Дом веселых нищих,Пантелеев Леонид,Азбука,729 руб.,915954,10.00(Оценок: 4)
Малахитовая шкатулка. Уральские сказы. Уральские были. Повести,Бажов Павел Петрович,Азбука,875 руб.,915953,10.00(Оценок: 5)
Одесские рассказы. Конармия,Бабель Исаак Эммануилович,Азбука,843 руб.,915952,10.00(Оценок: 3)
Жизнь и необычайные приключения солдата Ивана Чонкина. Трилогия,Войнович Владимир Николаевич,Азбука,911 руб.,915957,10.00(Оценок: 5)
"Царь-рыба. Повести, рассказы",Астафьев Виктор Петрович,Азбука,1038 руб.,915951,10.00(Оценок: 3)
"Плаха. Романы, повести",Айтматов Чингиз Торекулович,Азбука,1009 руб.,915948,10.00(Оценок: 4)
И дольше века длится день... Тавро Кассандры,Айтматов Чингиз Торекулович,Азбука,843 руб.,915947,10.00(Оценок: 3)
Книга вымышленных существ,Борхес Хорхе Луис,Азбука,529 руб.,915945,10.00(Оценок: 1)
"О хороших, в сущности, людях! Рассказы (юмористические)",Аверченко Аркадий Тимофеевич,Азбука,911 руб.,915946,10.00(Оценок: 2)
"Разбитая жизнь, или Волшебный рог Оберона",Катаев Валентин Петрович,Нигма,2012 руб.,915499,10.00(Оценок: 2)
Сад расходящихся тропок,Борхес Хорхе Луис,Азбука,529 руб.,915943,0.00(Оценок: 0)
Создатель,Борхес Хорхе Луис,Азбука,529 руб.,915944,10.00(Оценок: 1)
Книга Песка,Борхес Хорхе Луис,Азбука,529 руб.,915942,10.00(Оценок: 1)
Всеобщая история бесчестья,Борхес Хорхе Луис,Азбука,529 руб.,915941,10.00(Оценок: 1)
Алеф. Рассказы,Борхес Хорхе Луис,Азбука,529 руб.,915940,10.00(Оценок: 1)
Туманность Андромеды,Ефремов Иван Антонович,Азбука,222 руб.,535693,9.70(Оценок: 10)
Территория,Куваев Олег Михайлович,Азбука,222 руб.,540067,9.50(Оценок: 14)
Путешествие к центру Земли,Верн Жюль,Азбука,193 руб.,528809,9.75(Оценок: 12)
Яма,Куприн Александр Иванович,Азбука,215 руб.,534730,9.70(Оценок: 10)
Свидание в аду,Дрюон Морис,Азбука,222 руб.,523459,8.83(Оценок: 6)
Робинзон Крузо,Дефо Даниель,Азбука,196 руб.,504222,10.00(Оценок: 5)
Янки из Коннектикута при дворе короля Артура,Твен Марк,Азбука,196 руб.,492637,9.00(Оценок: 4)
Смок Беллью. Смок и Малыш,Лондон Джек,Азбука,196 руб.,487301,9.81(Оценок: 16)
Чевенгур,Платонов Андрей Платонович,Азбука,222 руб.,499852,9.33(Оценок: 3)
Хижина дяди Тома,Бичер-Стоу Гарриет,Азбука,232 руб.,473121,10.00(Оценок: 14)
Хроника капитана Блада. Из судового журнала Джереми Питта,Сабатини Рафаэль,Азбука,196 руб.,476567,9.00(Оценок: 7)
Страдания юного Вертера,Гете Иоганн Вольфганг,Азбука,196 руб.,470805,9.10(Оценок: 10)
Сильные мира сего,Дрюон Морис,Азбука,222 руб.,471258,8.38(Оценок: 8)
Смерть Ивана Ильича,Толстой Лев Николаевич,Азбука,196 руб.,454746,10.00(Оценок: 7)
Тяжелые времена,Диккенс Чарльз,Азбука,222 руб.,451476,8.88(Оценок: 16)
Софичка,Искандер Фазиль Абдулович,Азбука,222 руб.,452281,9.50(Оценок: 8)
Сердца трех,Лондон Джек,Азбука,196 руб.,441527,9.50(Оценок: 14)
Севастопольские рассказы,Толстой Лев Николаевич,Азбука,193 руб.,450028,8.38(Оценок: 8)
Тяжелый песок,Рыбаков Анатолий Наумович,Азбука,222 руб.,434349,9.73(Оценок: 15)
Хождение по мукам. В 2-х томах,Толстой Алексей Николаевич,Азбука,400 руб.,433683,9.50(Оценок: 6)
"Странник по звездам, или Смирительная рубашка",Лондон Джек,Азбука,196 руб.,426472,9.47(Оценок: 30)
"Франкенштейн, или Современный Прометей",Шелли Мэри,Азбука,222 руб.,428326,9.43(Оценок: 30)
Чингисхан,Ян Василий Григорьевич,Азбука,222 руб.,424191,9.62(Оценок: 8)
Сага о Форсайтах. Комплект из 2-х книг,Голсуорси Джон,Азбука,585 руб.,381042,9.15(Оценок: 13)
Титан,Драйзер Теодор,Азбука,231 руб.,405952,8.44(Оценок: 16)
Утраченные иллюзии,Бальзак Оноре де,Азбука,290 руб.,390930,9.83(Оценок: 6)
Север и Юг,Гаскелл Элизабет,Азбука,231 руб.,290211,9.37(Оценок: 120)
Тартарен из Тараскона,Доде Альфонс,Азбука,222 руб.,286878,9.67(Оценок: 3)
Посмертные записки Пиквикского клуба,Диккенс Чарльз,Азбука,290 руб.,356369,8.82(Оценок: 11)
Тевье-молочник,Шолом-Алейхем,Азбука,178 руб.,304492,9.08(Оценок: 12)
Сонная Лощина,Ирвинг Вашингтон,Азбука,232 руб.,205362,8.42(Оценок: 26)
Приключения Тома Сойера,Твен Марк,Азбука,196 руб.,221812,8.67(Оценок: 9)
Хаджи-Мурат,Толстой Лев Николаевич,Азбука,193 руб.,191569,9.91(Оценок: 11)
Сказки,Салтыков-Щедрин Михаил Евграфович,Азбука,193 руб.,200390,10.00(Оценок: 5)
Триумфальная арка,Ремарк Эрих Мария,АСТ,353 руб.,599528,8.83(Оценок: 87)
Чужая жена  и муж под кроватью,Достоевский Федор Михайлович,Азбука,196 руб.,126689,9.44(Оценок: 9)
Ревизор,Гоголь Николай Васильевич,Азбука,193 руб.,152350,9.88(Оценок: 8)
На Западном фронте без перемен,Ремарк Эрих Мария,АСТ,289 руб.,470629,9.24(Оценок: 127)
Собачье сердце,Булгаков Михаил Афанасьевич,Азбука,193 руб.,166710,9.59(Оценок: 37)
Сын менестреля. Грейси Линдсей,Кронин Арчибалд Джозеф,Иностранка,843 руб.,921572,10.00(Оценок: 5)
О дивный новый мир,Хаксли Олдос,АСТ,299 руб.,420220,8.87(Оценок: 386)
"Жизнь взаймы, или У неба любимчиков нет",Ремарк Эрих Мария,АСТ,308 руб.,663617,9.38(Оценок: 47)
Повелитель мух,Голдинг Уильям,АСТ,289 руб.,420218,8.22(Оценок: 329)
Элмер Гентри,Синклер Льюис,Т8,2319 руб.,931305,0.00(Оценок: 0)
Юмористические рассказы,Зощенко Михаил Михайлович,Эксмо,297 руб.,925036,10.00(Оценок: 1)
Сыновья и любовники,Лоуренс Дэвид Герберт,АСТ,278 руб.,932726,9.00(Оценок: 2)
Что они несли с собой,О`Брайен Тим,АСТ,299 руб.,932727,10.00(Оценок: 1)
Благородный Дом. Роман о Гонконге. Книга 1. На краю пропасти,Клавелл Джеймс,Иностранка,965 руб.,931197,10.00(Оценок: 2)
Лавка древностей,Диккенс Чарльз,Эксмо,437 руб.,932893,10.00(Оценок: 2)
"Взгляни на дом свой, ангел",Вулф Томас,АСТ,336 руб.,932725,10.00(Оценок: 2)
Темный цветок,Голсуорси Джон,АСТ,353 руб.,932714,0.00(Оценок: 0)
Человек из очереди. Шиллинг на свечи,Тэй Джозефина ,АСТ,785 руб.,932715,0.00(Оценок: 0)
"Тереза Батиста, уставшая воевать",Амаду Жоржи,Эксмо,498 руб.,932894,0.00(Оценок: 0)
Ноктюрн,Д`Аннунцио Габриэле,Омега-Л,1064 руб.,925005,0.00(Оценок: 0)
Унесенные ветром. Комплект из 2-х книг,Митчелл Маргарет,Эксмо,1316 руб.,932825,10.00(Оценок: 3)
Глотнуть воздуха,Оруэлл Джордж,Азбука,222 руб.,932780,10.00(Оценок: 1)
Большое собрание сочинений в одном томе,Лавкрафт Говард Филлипс,Эксмо,1062 руб.,930955,10.00(Оценок: 2)
Истина и легенда,Нуршаихов Азильхан,Фолиант,424 руб.,930376,0.00(Оценок: 0)
Белые ночи. Неточка Незванова,Достоевский Федор Михайлович,Мартин,193 руб.,931808,0.00(Оценок: 0)
Эмма,Остен Джейн,Эксмо-Пресс,270 руб.,926349,10.00(Оценок: 1)
Золотой жук,По Эдгар Аллан,Эксмо,243 руб.,930957,0.00(Оценок: 0)
"""Профессор накрылся!"" и прочие фантастические неприятности",Каттнер Генри,Азбука,1302 руб.,933206,0.00(Оценок: 0)
Молитва об Оуэне Мини,Ирвинг Джон,Азбука,323 руб.,933211,0.00(Оценок: 0)
Всеобщая история бесчестья,Борхес Хорхе Луис,Азбука,232 руб.,933210,0.00(Оценок: 0)
Батый,Ян Василий Григорьевич,Эксмо,305 руб.,925035,10.00(Оценок: 1)
Загадка замка Орнекен,Леблан Морис,Вече,621 руб.,933011,0.00(Оценок: 0)
Американская трагедия,Драйзер Теодор,Эксмо,880 руб.,915511,10.00(Оценок: 1)
История одного города,Салтыков-Щедрин Михаил Евграфович,Эксмо-Пресс,280 руб.,926357,10.00(Оценок: 1)
Ликвидация,Бондаренко Вячеслав Васильевич,Престиж БУК,2218 руб.,929202,0.00(Оценок: 0)
Ночь огня,Гюнтекин Решад Нури,Черная речка,443 руб.,934580,0.00(Оценок: 0)
Ночь огня,Гюнтекин Решад Нури,Черная речка,289 руб.,934581,0.00(Оценок: 0)
Юность полководца. Историческая повесть из жизни Александра Невского,Ян Василий Григорьевич,Т8,1159 руб.,933525,0.00(Оценок: 0)
Жак. Ускок,Санд Жорж,Т8,1961 руб.,933512,0.00(Оценок: 0)
Бэббит,Синклер Льюис,Т8,1529 руб.,933511,0.00(Оценок: 0)
"Иные боги и другие истории. Роман, повести, рассказы",Лавкрафт Говард Филлипс,Иностранка,843 руб.,400924,9.74(Оценок: 57)
Роман с кокаином,Агеев Михаил,Омега-Л,295 руб.,934582,0.00(Оценок: 0)
"Полное собрание сочинений и писем в 35 томах. Том 11. Бесы. Глава ""У Тихона"". Рукописные материалы",Достоевский Федор Михайлович,Наука,1364 руб.,929103,0.00(Оценок: 0)
Молодая гвардия,Фадеев Александр Александрович,Рипол-Классик,1156 руб.,930587,8.50(Оценок: 6)
Приключения Электроника,Велтистов Евгений Серафимович,АСТ,248 руб.,933481,10.00(Оценок: 1)
Дженни Герхардт,Драйзер Теодор,АСТ,248 руб.,933478,10.00(Оценок: 1)
Братья Карамазовы,Достоевский Федор Михайлович,Эксмо-Пресс,308 руб.,934865,10.00(Оценок: 1)
Молодая гвардия,Фадеев Александр Александрович,Эксмо,308 руб.,934875,10.00(Оценок: 1)
Короли и капуста. Рассказы,О. Генри,Эксмо,759 руб.,934870,10.00(Оценок: 1)
Монах,Льюис Мэтью Грегори,Эксмо-Пресс,419 руб.,934895,10.00(Оценок: 1)
Петр Первый,Толстой Алексей Николаевич,АСТ,266 руб.,934709,0.00(Оценок: 0)
Любовник леди Чаттерли,Лоуренс Дэвид Герберт,Эксмо,622 руб.,934915,0.00(Оценок: 0)
Петр Первый,Толстой Алексей Николаевич,АСТ,232 руб.,934706,0.00(Оценок: 0)
Дни в Бирме. Глотнуть воздуха,Оруэлл Джордж,Эксмо,512 руб.,934916,0.00(Оценок: 0)
Черный тюльпан,Дюма Александр,АСТ,177 руб.,934704,0.00(Оценок: 0)
Станция на горизонте,Ремарк Эрих Мария,АСТ,210 руб.,934705,0.00(Оценок: 0)
Сирены Титана,Воннегут Курт,АСТ,203 руб.,934703,0.00(Оценок: 0)
Агнес Грей,Бронте Энн,АСТ,169 руб.,934702,0.00(Оценок: 0)
Сирены Титана,Воннегут Курт,АСТ,266 руб.,934699,0.00(Оценок: 0)
Полное собрание сочинений и писем в 23-х томах. Том 7. Художественные произведения. 1908-1910,Андреев Леонид Николаевич,Наука,1419 руб.,929101,0.00(Оценок: 0)
Агнес Грей,Бронте Энн,АСТ,225 руб.,934698,0.00(Оценок: 0)
Новый человек в городе,Сименон Жорж,Азбука,175 руб.,934717,0.00(Оценок: 0)
Лиза из Ламбета. Карусель,Моэм Уильям Сомерсет,АСТ,523 руб.,934697,0.00(Оценок: 0)
Романы о Кролике. Начало. Комплект из 3-х книг,Апдайк Джон,Текст,2174 руб.,931217,10.00(Оценок: 1)
Незнакомка из Уайлдфелл-Холла,Бронте Энн,Эксмо-Пресс,256 руб.,934610,0.00(Оценок: 0)
Машина времени,Уэллс Герберт Джордж,Like Book,558 руб.,934612,0.00(Оценок: 0)
Повесть о жизни. Книги IV–VI,Паустовский Константин Георгиевич,Азбука,242 руб.,924355,0.00(Оценок: 0)
Портрет Дориана Грея,Уайльд Оскар,АСТ,234 руб.,589212,9.12(Оценок: 105)
Хорошие жены,Олкотт Луиза Мэй,Эксмо,607 руб.,927455,10.00(Оценок: 3)
Пригоршня праха. Мерзкая плоть. Упадок и разрушение,Во Ивлин,Иностранка,767 руб.,925728,10.00(Оценок: 3)
Дочь времени,Тэй Джозефина ,АСТ,234 руб.,925590,10.00(Оценок: 4)
Лолита,Набоков Владимир Владимирович,Corpus,669 руб.,811681,8.25(Оценок: 36)
